,id,gender,masterCategory,subCategory,articleType,season,year,usage,productDisplayName,Material,Colour,Brand,Price
0,18208,Men,Accessories,Headwear,Caps,Fall,2011.0,Casual,Manchester United Men Solid White Cap,Cotton,"White, Red",Manchester United,699
1,58148,Unisex,Accessories,Headwear,Caps,Fall,2012.0,Casual,Puma Unisex White Cap,Polyester,White,Puma,699
2,25712,Unisex,Accessories,Headwear,Caps,Summer,2012.0,Sports,ADIDAS Unisex Blue Cap,Cotton,Blue,ADIDAS,599
3,3739,Men,Accessories,Headwear,Caps,Fall,2010.0,Sports,ADIDAS Men Delhi Daredevil Blue Cap,Polyester,Blue,ADIDAS,799
4,7736,Men,Accessories,Headwear,Caps,Fall,2011.0,Casual,Puma Men Ferrari Lifestyle Red Cap,Cotton,Red,Puma,899
5,25715,Unisex,Accessories,Headwear,Caps,Summer,2012.0,Sports,ADIDAS Unisex Blue Cap,Cotton,Blue,ADIDAS,499
6,16537,Men,Accessories,Headwear,Caps,Fall,2011.0,Casual,Probase Men Check Blue Cap,Cotton,Blue,Probase,549
7,12735,Unisex,Accessories,Headwear,Caps,Fall,2011.0,Sports,Nike Unisex U Black Caps,Cotton,"Black, Red",Nike,995
8,18206,Men,Accessories,Headwear,Caps,Fall,2011.0,Casual,Manchester United Men Solid Black Cap,Cotton,"Black, Red",Manchester United,699
9,49239,Men,Accessories,Headwear,Caps,Fall,2012.0,Casual,Arrow Men White Cap,Cotton,White,Arrow,599
10,29122,Unisex,Accessories,Headwear,Caps,Summer,2012.0,Casual,Puma Unisex Cat Logo Black Cap,Not specified,Black,Puma,399
11,19743,Women,Accessories,Headwear,Caps,Fall,2011.0,Casual,United colors of benetton Women Blue Cap,Not specified,Blue,United Colors of Benetton,1299
12,3737,Unisex,Accessories,Headwear,Caps,Fall,2010.0,Sports,Lotto Unisex Kochi Tuskers Sovenior Purple Orange Cap,Cotton,"Purple, Orange",Lotto,249
13,11121,Women,Accessories,Headwear,Caps,Fall,2011.0,Casual,Puma Women Minicats Knit Blue Cap,Acrylic,Blue,Puma,599
14,17641,Unisex,Accessories,Headwear,Headband,Fall,2013.0,Sports,Puma Unisex Cat White Headband,Not specified,White,Puma,249
15,13824,Men,Accessories,Headwear,Caps,Fall,2011.0,Casual,Proline Men White & Maroon Colourblocked Beanie,Synthetic,"Maroon, White",Proline,399
16,19973,Men,Accessories,Headwear,Caps,Fall,2011.0,Casual,United Colors of Benetton Men Solid Grey Cap,Cotton,Grey,United Colors of Benetton,999
17,43553,Men,Accessories,Headwear,Caps,Summer,2012.0,Casual,Puma Men Black Complete Running Cap,Acrylic,Black,Puma,699
18,40746,Women,Accessories,Headwear,Caps,Winter,2012.0,Casual,Roxy Women Black Cap,Cotton,Black,roxy,1395
19,7739,Unisex,Accessories,Headwear,Caps,Fall,2011.0,Sports,Puma Unisex Stripe Cat Steel Grey Cap,Not specified,Grey,Puma,499
20,3736,Unisex,Accessories,Headwear,Caps,Fall,2010.0,Casual,Lotto Unisex Kochi Tuskers Orange Cap,Cotton,"Orange, Purple",Lotto,449
21,10604,Unisex,Accessories,Headwear,Caps,Fall,2011.0,Sports,Nike Unisex Tennis Red Caps,Polyester,Red,Nike,895
22,18207,Men,Accessories,Headwear,Caps,Fall,2011.0,Casual,Manchester United Men Solid Red Cap,Cotton,"Red, Black",Manchester United,699
23,28654,Unisex,Accessories,Headwear,Caps,Winter,2012.0,Casual,Nike Unisex Grey FCB Cap,Polyester,Grey,Nike,995
24,10603,Unisex,Accessories,Headwear,Caps,Fall,2011.0,Sports,Nike Unisex Tennis Grey Caps,Not specified,Grey,Nike,995
25,49238,Men,Accessories,Headwear,Caps,Fall,2012.0,Casual,Arrow Men Black Cap,Cotton,Black,Arrow,599
26,20062,Women,Accessories,Headwear,Caps,Fall,2011.0,Casual,United Colors of Benetton Women Solid Purple Cap,Not specified,Purple,United Colors of Benetton,1099
27,7737,Unisex,Accessories,Headwear,Caps,Fall,2011.0,Sports,Puma Unisex Stripe Cat Black Cap,Not specified,Black,Puma,499
28,16536,Women,Accessories,Headwear,Caps,Fall,2011.0,Casual,Probase Women Checked Orange & Red Cap,Cotton,"Red, Orange",Probase,499
29,25714,Unisex,Accessories,Headwear,Caps,Spring,2013.0,Casual,ADIDAS Unisex NBA Black Cap,Cotton,Black,ADIDAS,899
30,49236,Men,Accessories,Headwear,Caps,Fall,2012.0,Casual,Arrow Men Cream Cap,Cotton,Cream,Arrow,699
31,49807,Men,Accessories,Headwear,Caps,Summer,2012.0,Casual,Flying Machine Men Red Cap,Cotton,"Red, Blue",Flying Machine,499
32,25713,Unisex,Accessories,Headwear,Caps,Spring,2013.0,Sports,ADIDAS Unisex Chicago Bulls Black Cap,Not specified,Black,ADIDAS,799
33,58149,Women,Accessories,Headwear,Caps,Summer,2012.0,Casual,Puma Women Pink Sparkle Cat Cap,Cotton,Pink,Puma,499
34,18209,Men,Accessories,Headwear,Caps,Fall,2011.0,Casual,Manchester United Men Printed Navy Blue Cap,Cotton,Navy Blue,Manchester United,699
35,40111,Unisex,Accessories,Headwear,Caps,Spring,2013.0,Casual,ADIDAS Unisex Black Cap,Cotton,"Black, Green",ADIDAS,799
36,40747,Women,Accessories,Headwear,Caps,Winter,2012.0,Casual,Roxy Women Beige Cap,Cotton,Beige,roxy,1395
37,28609,Men,Accessories,Headwear,Caps,Summer,2012.0,Casual,Nike Men Classic Swoosh Grey Cap,Not specified,Grey,Nike,595
38,43552,Unisex,Accessories,Headwear,Caps,Summer,2012.0,Casual,Puma Unisex Blue Complete Running Cap,Acrylic,Blue,Puma,699
39,40771,Men,Accessories,Headwear,Caps,Summer,2012.0,Casual,Quiksilver Men Blue Firsty Roundtails Cap,Not specified,Blue,Quiksilver,995
40,17640,Unisex,Accessories,Headwear,Headband,Fall,2013.0,Sports,Puma Unisex Cat Black Headband,Not specified,Black,Puma,299
41,9436,Unisex,Accessories,Headwear,Caps,Fall,2011.0,Casual,Nike Unisex Rafa Bull Log Black Caps,Not specified,Black,Nike,995
42,49789,Men,Accessories,Headwear,Caps,Summer,2012.0,Casual,Flying Machine Men Red Cap,Cotton,Red,Flying Machine,599
43,21439,Women,Accessories,Headwear,Caps,Summer,2012.0,Casual,Roxy Women Be Happy Purple Cap,Synthetic,"Purple, Pink",roxy,1295
44,43072,Unisex,Accessories,Headwear,Caps,Summer,2012.0,Casual,Nike Unisex Black Cap,Not specified,Black,Nike,995
45,38146,Unisex,Accessories,Headwear,Caps,Summer,2012.0,Casual,Wildcraft Unisex Grey Beanie,Not specified,Grey,Wildcraft,445
46,29034,Unisex,Accessories,Headwear,Caps,Summer,2012.0,Casual,ADIDAS Unisex Line Age Navy Blue Cap,Cotton,Navy Blue,ADIDAS,599
47,49787,Men,Accessories,Headwear,Caps,Summer,2012.0,Casual,Flying Machine Men White Cap,Not specified,White,Flying Machine,499
48,17951,Unisex,Accessories,Headwear,Caps,Fall,2011.0,Casual,Nike Unisex Knit Beanie Red Skull Cap,Synthetic,Red,Nike,895
49,13162,Unisex,Accessories,Headwear,Caps,Fall,2011.0,Casual,Puma Unisex Unisex Cat Logo White Caps,Cotton,White,Puma,399
50,40063,Unisex,Accessories,Headwear,Caps,Summer,2012.0,Casual,ADIDAS Unisex Blue Cap,Polyester,Blue,ADIDAS,599
51,17956,Women,Accessories,Headwear,Caps,Fall,2011.0,Sports,Nike Women Stay Cool Purple Cap,Polyester,Purple,Nike,795
52,29033,Unisex,Accessories,Headwear,Caps,Summer,2012.0,Casual,ADIDAS Unisex Corp Black Cap,Polyester,Black,ADIDAS,399
53,17531,Unisex,Accessories,Headwear,Caps,Fall,2011.0,Sports,ADIDAS Unisex Sports Navy Blue Caps,Cotton,Navy Blue,ADIDAS,499
54,36646,Unisex,Accessories,Headwear,Caps,Summer,2012.0,Sports,Puma Deccan Chargers Blue Homs Cap,Cotton,Blue,Puma,400
55,2364,Unisex,Accessories,Headwear,Caps,Fall,2010.0,Sports,ADIDAS Blue Cap,Not specified,"Blue, White",ADIDAS,699
56,19434,Men,Accessories,Headwear,Caps,Summer,2012.0,Casual,Quiksilver Men Blue Sting Ray Beanie Hat,Synthetic,Blue,Quiksilver,1095
57,4450,Unisex,Accessories,Headwear,Caps,Summer,2011.0,Casual,Nike Unisex Arsenal  Red White Cap,Not specified,"Red, White",Nike,895
58,19433,Men,Accessories,Headwear,Caps,Summer,2012.0,Casual,Quiksilver Men Black Beanie Cap,Acrylic,Black,Quiksilver,1095
59,36088,Unisex,Accessories,Headwear,Caps,Summer,2012.0,Casual,OTLS Unisex Navy Cap,Not specified,Navy Blue,OTLS,399
60,10785,Unisex,Accessories,Headwear,Caps,Fall,2011.0,Sports,Nike Unisex Runng Grey Caps,Not specified,Grey,Nike,895
61,9977,Unisex,Accessories,Headwear,Caps,Fall,2011.0,Sports,ADIDAS Unisex Bulls Black Red Cap,Cotton,"Black, Red",ADIDAS,799
62,3471,Men,Accessories,Headwear,Caps,Fall,2010.0,Sports,ADIDAS Men Adipure Black Cap,Polyester,"Black, White",ADIDAS,699
63,9379,Unisex,Accessories,Headwear,Caps,Fall,2011.0,Casual,Nike Unisex Manu Core Black Cap,Cotton,Black,Nike,995
64,39492,Unisex,Accessories,Headwear,Caps,Spring,2013.0,Casual,Wildcraft Unisex Beige Cap,Cotton,Beige,Wildcraft,345
65,1577,Unisex,Accessories,Headwear,Caps,Fall,2010.0,Sports,Inesis  Slim Shady Cap,Not specified,Green,Inesis,299
66,36086,Unisex,Accessories,Headwear,Caps,Summer,2012.0,Casual,OTLS Unisex Beige Polo Cap,Not specified,Beige,OTLS,399
67,3449,Unisex,Accessories,Headwear,Caps,Summer,2011.0,Sports,ADIDAS Kids Unisex Pune Warriors Black Cap,Polyester,"Black, Silver",ADIDAS,699
68,39495,Unisex,Accessories,Headwear,Caps,Summer,2012.0,Casual,Wildcraft Unisex Beige Hat,Not specified,Beige,Wildcraft,595
69,17957,Men,Accessories,Headwear,Caps,Summer,2012.0,Sports,Nike Men Cricket Navy Blue Cap,Cotton,Navy Blue,Nike,595
70,29032,Unisex,Accessories,Headwear,Caps,Summer,2012.0,Casual,ADIDAS Unisex Corp Blue Cap,Polyester,Blue,ADIDAS,399
71,7617,Men,Accessories,Headwear,Caps,Summer,2011.0,Casual,Wrangler Men Green Canvas Cap,Cotton Canvas,Green,Wrangler,495
72,19208,Men,Accessories,Headwear,Caps,Summer,2011.0,Casual,United Colors of Benetton Men Check Grey Cap,Not specified,Grey,United Colors of Benetton,999
73,17530,Unisex,Accessories,Headwear,Caps,Fall,2011.0,Sports,ADIDAS Unisex Sports White Caps,Polyester,White,ADIDAS,499
74,17950,Unisex,Accessories,Headwear,Caps,Fall,2011.0,Sports,Nike Unisex Swoosh Black Bandana,Cotton,Black,Nike,495
75,40062,Unisex,Accessories,Headwear,Caps,Summer,2012.0,Casual,ADIDAS Unisex Orange Cap,Polyester,Orange,ADIDAS,599
76,2362,Unisex,Accessories,Headwear,Caps,Summer,2011.0,Sports,ADIDAS Black Cap,Not specified,Black,ADIDAS,799
77,21438,Women,Accessories,Headwear,Caps,Winter,2012.0,Casual,Roxy Women Mellow Beanie Blue Cap,Not specified,Blue,roxy,1095
78,11259,Men,Accessories,Headwear,Caps,Fall,2011.0,Casual,ADIDAS Men Nba Celtics Black Caps,Cotton,"Black, Green, White",ADIDAS,799
79,7619,Men,Accessories,Headwear,Caps,Summer,2011.0,Casual,Wrangler Men Light Blue Canvas Cap,Cotton Canvas,Blue,Wrangler,595
80,19206,Men,Accessories,Headwear,Caps,Summer,2011.0,Casual,United Colors of Benetton Men Black Cap,Not specified,Black,United Colors of Benetton,999
81,43073,Men,Accessories,Headwear,Caps,Summer,2012.0,Casual,Nike Men Blue Odi Game Day Cap,Polyester,Blue,Nike,695
82,41511,Men,Accessories,Headwear,Caps,Summer,2012.0,Casual,Basics Men Blue Beret Cap,Cotton,Blue,Basics,599
83,49788,Men,Accessories,Headwear,Caps,Summer,2012.0,Casual,Flying Machine Men Navy Blue Cap,Not specified,Navy Blue,Flying Machine,499
84,36087,Unisex,Accessories,Headwear,Caps,Summer,2012.0,Casual,OTLS Unisex Pink Cap,Not specified,Pink,OTLS,399
85,9378,Unisex,Accessories,Headwear,Caps,Fall,2011.0,Casual,Nike Unisex Cbf Core Black Caps,Not specified,Black,Nike,995
86,10784,Unisex,Accessories,Headwear,Caps,Fall,2011.0,Sports,Nike Unisex Runng Black Caps,Not specified,"Black, Blue",Nike,895
87,39493,Unisex,Accessories,Headwear,Caps,Summer,2012.0,Casual,Wildcraft Unisex Beige Cap,Cotton,"Black, Beige",Wildcraft,345
88,38125,Unisex,Accessories,Headwear,Caps,Summer,2012.0,Casual,Wildcraft Unisex Olive Green Cap,Cotton,Olive,Wildcraft,345
89,4451,Unisex,Accessories,Headwear,Caps,Summer,2011.0,Casual,Nike Unisex Manchester United Red Black Cap,Not specified,"Red, Black",Nike,895
90,36089,Unisex,Accessories,Headwear,Caps,Summer,2012.0,Casual,OTLS Unisex Brown Cap,Not specified,Brown,OTLS,399
91,19435,Men,Accessories,Headwear,Caps,Summer,2012.0,Casual,Quiksilver Men Stripes Blue Caps,Synthetic,"Blue, Black",Quiksilver,1095
92,9978,Unisex,Accessories,Headwear,Caps,Fall,2011.0,Sports,ADIDAS Unisex Lakers Black Purple Cap,Cotton,"Black, Purple",ADIDAS,799
93,19884,Women,Accessories,Headwear,Caps,Fall,2011.0,Casual,ADIDAS Originals Women Brillo White Cap,Cotton,White,ADIDAS Originals,999
94,2589,Women,Accessories,Headwear,Caps,Summer,2011.0,Casual,Quechua Women Maroon Cap,Cotton Canvas,Maroon,Quechua,399
95,15024,Men,Accessories,Headwear,Caps,Fall,2011.0,Sports,ADIDAS Men Solid Blue Caps,Cotton,Blue,ADIDAS,699
96,19883,Men,Accessories,Headwear,Caps,Fall,2011.0,Casual,ADIDAS Originals Men St Truck Black Cap,Cotton,Black,ADIDAS Originals,799
97,38564,Unisex,Accessories,Headwear,Caps,Winter,2015.0,Casual,Nike Unisex Black Cap,Not specified,"Black, Beige",Nike,995
98,25022,Unisex,Accessories,Headwear,Caps,Summer,2012.0,Sports,Nike Unisex Grey Tennis Cap,Polyester,Grey,Nike,995
99,41533,Men,Accessories,Headwear,Caps,Summer,2012.0,Casual,Basics Men Red Cap,Not specified,Red,Basics,499
100,13721,Men,Accessories,Headwear,Caps,Fall,2011.0,Casual,Proline Men Blue Patterned Beanie,Synthetic,Blue,Proline,425
101,49792,Men,Accessories,Headwear,Caps,Winter,2015.0,Casual,Flying Machine Men Green Cap,Not specified,"Green, Black",Flying Machine,599
102,34797,Men,Accessories,Headwear,Caps,Summer,2012.0,Casual,Flying Machine Men Grey Hat,Not specified,Grey,Flying Machine,699
103,38966,Unisex,Accessories,Headwear,Caps,Summer,2015.0,Casual,Wildcraft Unisex Beige Safari Cap,Cotton,Beige,Wildcraft,595
104,33774,Unisex,Accessories,Headwear,Caps,Summer,2011.0,Casual,Puma Unisex Black Cap,Polyester,Black,Puma,699
105,22606,Unisex,Accessories,Headwear,Caps,Fall,2011.0,Sports,Nike Unisex Active White Cap,Cotton,White,Nike,395
106,44621,Unisex,Accessories,Headwear,Caps,Summer,2012.0,Casual,Nike Unisex Green Daybreak Cap,Not specified,Green,Nike,895
107,30592,Unisex,Accessories,Headwear,Caps,Summer,2012.0,Sports,Nike Unisex Federer Olive Cap,Cotton,Olive,Nike,995
108,18902,Unisex,Accessories,Headwear,Caps,Fall,2011.0,Casual,ADIDAS Originals Unisex Black Cap,Cotton,Black,ADIDAS Originals,999
109,38565,Men,Accessories,Headwear,Caps,Summer,2012.0,Casual,Nike Men White Bull Logo Cap,Polyester,White,Nike,995
110,18995,Unisex,Accessories,Headwear,Caps,Fall,2011.0,Casual,ADIDAS Originals Unisex Woolie Navy Blue Cap,Cotton,"Navy Blue, Green",ADIDAS Originals,999
111,15025,Men,Accessories,Headwear,Caps,Fall,2011.0,Sports,ADIDAS Men Solid White Caps,Cotton,White,ADIDAS,699
112,19885,Unisex,Accessories,Headwear,Caps,Fall,2011.0,Casual,ADIDAS Originals Unisex Black Cap,Cotton,Black,ADIDAS Originals,999
113,3436,Unisex,Accessories,Headwear,Caps,Summer,2011.0,Sports,Reebok Royal Challengers Bangalore Fangear Red Cap,Cotton,Red,Reebok,499
114,30593,Unisex,Accessories,Headwear,Caps,Summer,2012.0,Sports,Nike Unisex Tennis White Cap,Polyester,White,Nike,995
115,30594,Unisex,Accessories,Headwear,Caps,Summer,2012.0,Sports,Nike Unisex Rafa Bull Logo Green Cap,Polyester,Green,Nike,995
116,33775,Women,Accessories,Headwear,Caps,Summer,2011.0,Casual,Puma Women Conrad Reversible Pink Beanie Cap,Cotton,Pink,Puma,799
117,34796,Men,Accessories,Headwear,Caps,Summer,2012.0,Casual,Flying Machine Men Black Hat,Not specified,"Black, Grey",Flying Machine,599
118,29029,Unisex,Accessories,Headwear,Caps,Fall,2014.0,Casual,ADIDAS Unisex Corps Navy Blue Cap,Polyester,Navy Blue,ADIDAS,699
119,18904,Unisex,Accessories,Headwear,Caps,Fall,2011.0,Casual,ADIDAS Originals Unisex Adicolor Navy Blue Cap,Cotton,Navy Blue,ADIDAS Originals,999
120,41535,Men,Accessories,Headwear,Caps,Summer,2012.0,Casual,Basics Men Navy Blue Baseball Cap,Cotton,Navy Blue,Basics,599
121,49793,Men,Accessories,Headwear,Caps,Summer,2012.0,Casual,Flying Machine Men Yellow Cap,Cotton,Yellow,Flying Machine,599
122,22636,Unisex,Accessories,Headwear,Caps,Fall,2011.0,Casual,Nike Unisex Blue & Brown Striped Cap,Acrylic,"Blue, Brown",Nike,995
123,49794,Men,Accessories,Headwear,Caps,Summer,2012.0,Casual,Flying Machine Men Black Cap,Cotton,Black,Flying Machine,599
124,3740,Men,Accessories,Headwear,Caps,Fall,2010.0,Sports,ADIDAS Men Pune Warriors Match Black Cap,Polyester,Black,ADIDAS,799
125,24216,Unisex,Accessories,Headwear,Caps,Summer,2012.0,Sports,Nike Unisex Arsenal Red Football Cap,Cotton,"Red, Navy Blue",Nike,995
126,42831,Unisex,Accessories,Headwear,Headband,Summer,2012.0,Sports,Nike Unisex Black Headband,Not specified,Black,Nike,195
127,48537,Men,Accessories,Headwear,Caps,Summer,2012.0,Casual,Wrangler Men Red Check Cap,Cotton,"Red, White, Grey",Wrangler,795
128,49247,Men,Accessories,Headwear,Caps,Fall,2012.0,Casual,Arrow Men Brown Cap,Cotton,"Brown, White",Arrow,599
129,24220,Unisex,Accessories,Headwear,Caps,Summer,2012.0,Sports,Nike Unisex Blue Tennis Cap,Polyester,Blue,Nike,895
130,40765,Men,Accessories,Headwear,Caps,Summer,2012.0,Casual,Quiksilver Men Black Cap,Cotton,Black,Quiksilver,1395
131,49240,Men,Accessories,Headwear,Caps,Fall,2012.0,Casual,Arrow Men Blue Cap,Cotton,Blue,Arrow,599
132,19968,Men,Accessories,Headwear,Caps,Fall,2011.0,Casual,United Colors of Benetton Men Solid Black Cap,Synthetic,Black,United Colors of Benetton,999
133,39108,Girls,Accessories,Headwear,Caps,Summer,2012.0,Sports,ADIDAS Mumbai Indians Girls Blue Match Cap,Cotton,Blue,ADIDAS,699
134,58154,Men,Accessories,Headwear,Caps,Summer,2012.0,Casual,Puma Men Blue Cap,Polyester,Blue,Puma,499
135,18214,Men,Accessories,Headwear,Caps,Fall,2011.0,Casual,Manchester United Men Solid Navy Blue Cap,Cotton,Navy Blue,Manchester United,699
136,18213,Men,Accessories,Headwear,Caps,Fall,2011.0,Casual,Manchester United Men Solid Black Cap,Cotton,Black,Manchester United,699
137,58153,Men,Accessories,Headwear,Caps,Summer,2012.0,Casual,Puma Men Black Cap,Polyester,Black,Puma,499
138,25709,Unisex,Accessories,Headwear,Caps,Summer,2012.0,Sports,ADIDAS Unisex Red Cap,Cotton,Red,ADIDAS,799
139,29106,Unisex,Accessories,Headwear,Caps,Summer,2012.0,Casual,Puma Unisex Graphic Black Cap,Not specified,Black,Puma,699
140,20047,Women,Accessories,Headwear,Caps,Fall,2011.0,Casual,United Colors of Benetton Women Solid Blue Cap,Synthetic,Blue,United Colors of Benetton,1299
141,49241,Men,Accessories,Headwear,Caps,Fall,2012.0,Casual,Arrow Men Purple Cap,Cotton,Purple,Arrow,599
142,19969,Men,Accessories,Headwear,Caps,Fall,2011.0,Casual,United Colors of Benetton Men Solid Blue Cap,Cotton,Blue,United Colors of Benetton,999
143,49246,Men,Accessories,Headwear,Caps,Fall,2012.0,Casual,Arrow Men Red Cap,Cotton,Red,Arrow,599
144,48536,Men,Accessories,Headwear,Caps,Summer,2012.0,Casual,Wrangler Men Grey Check Cap,Cotton,"Grey, Blue",Wrangler,795
145,19951,Unisex,Accessories,Headwear,Caps,Fall,2011.0,Casual,Puma Unisex Cat Logo Navy Blue Cap,Not specified,Navy Blue,Puma,399
146,10014,Unisex,Accessories,Headwear,Caps,Fall,2011.0,Sports,Nike Unisex Feather lite Blue Caps,Not specified,"Blue, Black",Nike,895
147,39107,Boys,Accessories,Headwear,Caps,Summer,2012.0,Sports,ADIDAS Mumbai Indians Boys Blue Match Cap,Cotton,Blue,ADIDAS,699
148,49248,Men,Accessories,Headwear,Caps,Fall,2012.0,Casual,Arrow Men Black Cap,Cotton,Black,Arrow,599
149,29107,Unisex,Accessories,Headwear,Caps,Summer,2012.0,Casual,Puma Unisex Heather Grey Cap,Not specified,Grey,Puma,599
150,3340,Men,Accessories,Headwear,Caps,Fall,2010.0,Sports,ADIDAS Men Mumbai Indians Match Blue Cap,Polyester,"Blue, Gold, White",ADIDAS,799
151,25708,Unisex,Accessories,Headwear,Caps,Summer,2014.0,Sports,ADIDAS Unisex Black Cap,Cotton,Black,ADIDAS,799
152,20048,Women,Accessories,Headwear,Caps,Fall,2011.0,Casual,United Colors of Benetton Women Solid Green Cap,Synthetic,Green,United Colors of Benetton,1299
153,58152,Unisex,Accessories,Headwear,Caps,Fall,2012.0,Casual,Puma Unisex Navy Blue Foundation Cap,Cotton,"Navy Blue, Black",Puma,499
154,18212,Men,Accessories,Headwear,Caps,Fall,2011.0,Casual,Manchester United Men Solid White Cap,Cotton,White,Manchester United,699
155,13818,Men,Accessories,Headwear,Caps,Fall,2011.0,Casual,Proline Men Navy & Grey Colourblocked Beanie,Synthetic,"Navy Blue, Grey",Proline,399
156,40773,Men,Accessories,Headwear,Caps,Summer,2012.0,Casual,Quiksilver Men Blue Firtsy Roundtails Cap,Not specified,Blue,Quiksilver,995
157,17642,Unisex,Accessories,Headwear,Headband,Fall,2013.0,Sports,Puma Unisex Cat Red Headband,Not specified,Red,Puma,249
158,9434,Unisex,Accessories,Headwear,Caps,Fall,2011.0,Casual,Nike Unisex Rafa Bull Log White Caps,Not specified,White,Nike,995
159,40122,Unisex,Accessories,Headwear,Headband,Summer,2012.0,Casual,ADIDAS Unisex Black Clima Chill Headband,Not specified,Black,ADIDAS,499
160,15540,Unisex,Accessories,Headwear,Caps,Summer,2011.0,Sports,Fila Unisex Solid Navy Blue Caps,Not specified,Navy Blue,FILA,499
161,40113,Unisex,Accessories,Headwear,Caps,Spring,2013.0,Casual,ADIDAS Unisex Navy Blue Cap,Cotton,Navy Blue,ADIDAS,799
162,40745,Women,Accessories,Headwear,Caps,Winter,2012.0,Casual,Roxy Women White Cap,Cotton,White,roxy,995
163,3335,Unisex,Accessories,Headwear,Caps,Summer,2011.0,Sports,ADIDAS Kids-Unisex Mumbai Indians Team Blue Cap,Polyester,"Blue, Gold, Purple",ADIDAS,699
164,49233,Men,Accessories,Headwear,Caps,Fall,2012.0,Casual,Arrow Men Blue Cap,Cotton,Blue,Arrow,599
165,20056,Women,Accessories,Headwear,Caps,Fall,2011.0,Casual,United Colors of Benetton Women Grey Cap,Not specified,"Grey, White",United Colors of Benetton,1299
166,49802,Men,Accessories,Headwear,Caps,Winter,2015.0,Casual,Flying Machine Men Black Cap,Cotton,Black,Flying Machine,499
167,38401,Unisex,Accessories,Headwear,Caps,Summer,2012.0,Sports,ADIDAS Pune Warriors Unisex Teal Match Cap,Cotton,Teal,ADIDAS,799
168,49234,Men,Accessories,Headwear,Caps,Fall,2012.0,Casual,Arrow Men Yellow Cap,Cotton,Yellow,Arrow,599
169,25711,Unisex,Accessories,Headwear,Caps,Summer,2012.0,Sports,ADIDAS Unisex Pink Cap,Cotton,Pink,ADIDAS,499
170,7732,Unisex,Accessories,Headwear,Caps,Fall,2011.0,Sports,Puma Unisex Ducati Black Cap,Not specified,Black,Puma,899
171,58521,Men,Accessories,Headwear,Caps,Fall,2012.0,Casual,Wildcraft Men Black Balaclava Cap,Synthetic,Black,Wildcraft,445
172,20060,Women,Accessories,Headwear,Caps,Fall,2011.0,Casual,United Colors of Benetton Women Black Cap,Not specified,Black,United Colors of Benetton,1099
173,40112,Unisex,Accessories,Headwear,Caps,Summer,2012.0,Casual,ADIDAS Unisex Black Cap,Cotton,"Black, White",ADIDAS,699
174,40744,Women,Accessories,Headwear,Caps,Winter,2012.0,Casual,Roxy Women Blue Cap,Cotton,Blue,roxy,995
175,19971,Men,Accessories,Headwear,Caps,Fall,2011.0,Casual,United Colors of Benetton Men Solid Purple Cap,Cotton,Purple,United Colors of Benetton,999
176,1656,Unisex,Accessories,Headwear,Caps,Summer,2012.0,Sports,Nike Unisex Odi Day Cap,Not specified,Blue,Nike,495
177,40743,Women,Accessories,Headwear,Caps,Winter,2012.0,Casual,Roxy Women Pink Cap,Cotton,Pink,roxy,995
178,13821,Men,Accessories,Headwear,Caps,Fall,2011.0,Casual,Proline Men Purple & Grey Striped Beanie,Synthetic,"Purple, Grey",Proline,350
179,40772,Men,Accessories,Headwear,Caps,Summer,2012.0,Casual,Quiksilver Men Red Firtsy Roundtails Cap,Not specified,Red,Quiksilver,995
180,9435,Unisex,Accessories,Headwear,Caps,Fall,2011.0,Casual,Nike Unisex FCB CORE Black Caps,Not specified,Black,Nike,995
181,41855,Men,Accessories,Headwear,Caps,Summer,2012.0,Casual,Probase Men Blue Cap,Not specified,Blue,Probase,449
182,20061,Women,Accessories,Headwear,Caps,Fall,2011.0,Casual,United Colors of Benetton Women Solid Grey Cap,Not specified,Grey,United Colors of Benetton,1099
183,19741,Women,Accessories,Headwear,Caps,Fall,2011.0,Casual,United Colors Of Benetton Women Black Cap,Not specified,Black,United Colors of Benetton,1299
184,49235,Men,Accessories,Headwear,Caps,Fall,2012.0,Casual,Arrow Men Navy Blue Cap,Cotton,Navy Blue,Arrow,699
185,49804,Men,Accessories,Headwear,Caps,Summer,2012.0,Casual,Flying Machine Men Khaki Cap,Cotton,Khaki,Flying Machine,499
186,25710,Unisex,Accessories,Headwear,Caps,Summer,2012.0,Sports,ADIDAS Unisex Blue Cap,Not specified,Blue,ADIDAS,499
187,7734,Unisex,Accessories,Headwear,Caps,Fall,2011.0,Sports,Puma Unisex Ferrari Lifestyle Black Cap,Not specified,Black,Puma,899
188,20057,Women,Accessories,Headwear,Caps,Fall,2011.0,Casual,United Colors of Benetton Women Printed Purple Cap,Not specified,Purple,United Colors of Benetton,1299
189,16535,Women,Accessories,Headwear,Caps,Fall,2011.0,Casual,Probase Women Check Grey Cap,Cotton,Grey,Probase,499
190,4453,Unisex,Accessories,Headwear,Caps,Summer,2011.0,Casual,Nike Unisex Rodger Federer White Grey Red Cap,Not specified,"White, Grey, Red",Nike,995
191,36085,Unisex,Accessories,Headwear,Caps,Summer,2012.0,Casual,OTLS Unisex Black Polo Cap,Not specified,Black,OTLS,399
192,12680,Unisex,Accessories,Headwear,Caps,Summer,2011.0,Casual,Probase Unisex Solid Navy Blue Caps,Cotton,Navy Blue,Probase,449
193,54095,Men,Accessories,Headwear,Caps,Fall,2012.0,Casual,Fila Men White Madson Cap,Cotton,"White, Navy Blue",FILA,469
194,4039,Unisex,Accessories,Headwear,Caps,Summer,2011.0,Sports,Puma Unisex Rajasthan Royals Military Blue Cap,Not specified,Blue,Puma,400
195,19439,Men,Accessories,Headwear,Caps,Summer,2012.0,Casual,Quiksilver Men Black Qsacc Cap,Not specified,Black,Quiksilver,1095
196,10786,Unisex,Accessories,Headwear,Caps,Fall,2011.0,Sports,Nike Unisex Runng Black Caps,Not specified,Black,Nike,695
197,30147,Men,Accessories,Headwear,Caps,Summer,2012.0,Casual,Wrangler Men Grey Cap,Cotton,Grey,Wrangler,695
198,36082,Unisex,Accessories,Headwear,Caps,Summer,2012.0,Casual,OTLS Unisex Red Cap,Not specified,Red,OTLS,399
199,38127,Unisex,Accessories,Headwear,Caps,Summer,2015.0,Casual,Wildcraft Unisex Black Beanie,Polyester,Black,Wildcraft,345
200,43071,Unisex,Accessories,Headwear,Caps,Summer,2012.0,Casual,Nike Unisex Blue FFF Cap,Polyester,Blue,Nike,995
201,17955,Women,Accessories,Headwear,Caps,Fall,2011.0,Sports,Nike Women Stay Cool Blue Cap,Polyester,Blue,Nike,795
202,29030,Unisex,Accessories,Headwear,Caps,Fall,2013.0,Casual,ADIDAS Unisex Corp White Cap,Polyester,White,ADIDAS,699
203,2358,Men,Accessories,Headwear,Caps,Winter,2010.0,Sports,ADIDAS Red Men Cap,Synthetic,"Red, Black",ADIDAS,399
204,17532,Unisex,Accessories,Headwear,Caps,Fall,2011.0,Sports,ADIDAS Unisex Sports Black Caps,Cotton,Black,ADIDAS,499
205,44853,Unisex,Accessories,Headwear,Caps,Summer,2010.0,Casual,Puma Unisex  Ferrari Lifestyle Cap,Cotton,Red,Puma,999
206,17952,Unisex,Accessories,Headwear,Caps,Fall,2011.0,Casual,Nike Unisex Knit Beanie Blue Skull Cap,Synthetic,Blue,Nike,895
207,13161,Unisex,Accessories,Headwear,Caps,Fall,2011.0,Casual,Puma Unisex Unisex Cat Logo Black Caps,Cotton,Black,Puma,399
208,2360,Unisex,Accessories,Headwear,Caps,Summer,2011.0,Sports,ADIDAS White Cap,Not specified,"White, Black",ADIDAS,699
209,36083,Unisex,Accessories,Headwear,Caps,Summer,2012.0,Casual,OTLS Unisex Black Polo Cap,Not specified,Black,OTLS,399
210,32423,Unisex,Accessories,Headwear,Caps,Summer,2012.0,Casual,ADIDAS Unisex Black Cap,Polyester,Black,ADIDAS,599
211,12440,Unisex,Accessories,Headwear,Hat,Fall,2011.0,Casual,Timberland Unisex Casual Black Skull Caps,Not specified,Black,Timberland,1290
212,38126,Unisex,Accessories,Headwear,Caps,Summer,2012.0,Casual,Wildcraft Unisex Multicoloured Printed Cap,Cotton,Green,Wildcraft,345
213,44662,Unisex,Accessories,Headwear,Headband,Summer,2012.0,Casual,Nike Unisex White Swoosh Headband,Not specified,White,Nike,195
214,1581,Unisex,Accessories,Headwear,Caps,Summer,2011.0,Sports,Nabaiji Unisex Silicone Swimming Cap,Not specified,Pink,Nabaiji,119
215,12681,Men,Accessories,Headwear,Caps,Summer,2011.0,Casual,Probase Men Check Blue Cap,Cotton,"Blue, White, Pink",Probase,449
216,36084,Unisex,Accessories,Headwear,Caps,Summer,2012.0,Casual,OTLS Unisex White Cap,Cotton,White,OTLS,399
217,19436,Men,Accessories,Headwear,Caps,Summer,2012.0,Casual,Quiksilver Men Burgundy & Olive Beanies Cap,Synthetic,"Olive, Purple",Quiksilver,1096
218,30148,Men,Accessories,Headwear,Caps,Summer,2012.0,Casual,Wrangler Men Fast Biker Navy Blue Cap,Cotton,Navy Blue,Wrangler,695
219,4452,Unisex,Accessories,Headwear,Caps,Summer,2011.0,Casual,Nike Unisex Rodger Federer Blue Grey White Cap,Not specified,"Grey, White",Nike,995
220,17953,Unisex,Accessories,Headwear,Caps,Fall,2011.0,Casual,Nike Unisex Knit Beanie Grey Skull Cap,Synthetic,Grey,Nike,895
221,2361,Men,Accessories,Headwear,Caps,Summer,2011.0,Sports,ADIDAS Black Men Cap,Not specified,Black,ADIDAS,699
222,2359,Men,Accessories,Headwear,Caps,Winter,2010.0,Sports,ADIDAS Navy Blue Men Cap,Not specified,"Navy Blue, White",ADIDAS,399
223,17954,Unisex,Accessories,Headwear,Caps,Fall,2011.0,Casual,Nike Unisex Cuffed Beanie Blue Skull Cap,Synthetic,Blue,Nike,795
224,29031,Men,Accessories,Headwear,Caps,Fall,2014.0,Casual,ADIDAS Men Red Corp Training Cap,Polyester,Red,ADIDAS,699
225,17533,Unisex,Accessories,Headwear,Hat,Fall,2011.0,Casual,ADIDAS Unisex Beanie Black Skull Caps,Not specified,Black,ADIDAS,499
226,3615,Unisex,Accessories,Headwear,Caps,Summer,2011.0,Sports,Puma Rajasthan Royals Blue Fanwear Cap,Cotton,Blue,Puma,400
227,43070,Unisex,Accessories,Headwear,Caps,Summer,2012.0,Casual,Nike Unisex Red Portugal Football Cap,Polyester,Red,Nike,995
228,22633,Unisex,Accessories,Headwear,Caps,Fall,2011.0,Sports,Nike Unisex Striped Purple Cap,Acrylic,"Purple, Maroon",Nike,995
229,13722,Men,Accessories,Headwear,Caps,Fall,2011.0,Casual,Proline Men Navy & White Patterned Beanie,Synthetic,"Navy Blue, White",Proline,499
230,49791,Men,Accessories,Headwear,Caps,Winter,2015.0,Casual,Flying Machine Men Yellow Cap,Not specified,"Yellow, Navy Blue",Flying Machine,599
231,41508,Men,Accessories,Headwear,Caps,Summer,2012.0,Casual,Basics Men Red Baseball Cap,Polyester,Red,Basics,499
232,38396,Unisex,Accessories,Headwear,Caps,Summer,2012.0,Sports,ADIDAS Mumbai Indians Unisex Blue Match Cap,Cotton,Blue,ADIDAS,799
233,13725,Men,Accessories,Headwear,Caps,Fall,2011.0,Casual,Proline Men Maroon & Black Patterned Beanie,Synthetic,"Maroon, Black",Proline,499
234,22634,Unisex,Accessories,Headwear,Caps,Fall,2011.0,Sports,Nike Unisex Striped Black Cap,Synthetic,"Black, Grey",Nike,995
235,44622,Unisex,Accessories,Headwear,Caps,Summer,2012.0,Casual,Nike Unisex Blue Daybreak Cap,Not specified,Blue,Nike,895
236,30591,Unisex,Accessories,Headwear,Caps,Summer,2012.0,Sports,Nike Unisex Federer Blue Cap,Cotton,Blue,Nike,995
237,18901,Unisex,Accessories,Headwear,Caps,Fall,2011.0,Casual,ADIDAS Originals Unisex Adicolor Green Cap,Cotton,Green,ADIDAS Originals,999
238,17949,Unisex,Accessories,Headwear,Caps,Fall,2011.0,Sports,Nike Unisex Swoosh White Bandana,Cotton,White,Nike,495
239,1535,Unisex,Accessories,Headwear,Caps,Fall,2010.0,Sports,Puma Unisex Logo Cap,Synthetic,Black,Puma,699
240,34793,Men,Accessories,Headwear,Caps,Summer,2012.0,Casual,Flying Machine Men Black Hat,Not specified,Black,Flying Machine,599
241,19440,Men,Accessories,Headwear,Caps,Summer,2012.0,Casual,Quiksilver Men Red Qsacc Cap,Not specified,Red,Quiksilver,1095
242,12438,Unisex,Accessories,Headwear,Caps,Fall,2011.0,Casual,Timberland Unisex Casual Black Caps,Cotton,Black,Timberland,1490
243,34794,Men,Accessories,Headwear,Caps,Summer,2012.0,Casual,Flying Machine Men Black Hat,Not specified,Black,Flying Machine,699
244,49798,Men,Accessories,Headwear,Caps,Summer,2012.0,Casual,Flying Machine Men Green Cap,Cotton,Green,Flying Machine,599
245,22605,Unisex,Accessories,Headwear,Caps,Fall,2011.0,Sports,Nike Unisex India Stadium Blue Cap,Cotton,Blue,Nike,350
246,17529,Unisex,Accessories,Headwear,Caps,Fall,2011.0,Sports,ADIDAS Unisex Sports Black Caps,Polyester,"Black, Silver",ADIDAS,499
247,1566,Men,Accessories,Headwear,Caps,Summer,2011.0,Sports,Artengo Men Black Cap,Not specified,Black,Artengo,299
248,10599,Unisex,Accessories,Headwear,Caps,Fall,2011.0,Sports,Nike Unisex Tennis White Caps,Not specified,White,Nike,995
249,32430,Unisex,Accessories,Headwear,Caps,Summer,2012.0,Casual,ADIDAS Unisex Polyester Navy Blue Cap,Polyester,Navy Blue,ADIDAS,599
250,3469,Unisex,Accessories,Headwear,Headband,Fall,2010.0,Sports,ADIDAS Unisex Black White Headband,Not specified,"Black, White",ADIDAS,149
251,18997,Unisex,Accessories,Headwear,Caps,Summer,2011.0,Casual,ADIDAS Originals Unisex Woolie Stripes Black Cap,Cotton,"Black, White",ADIDAS Originals,999
252,40026,Unisex,Accessories,Headwear,Caps,Summer,2012.0,Casual,ADIDAS Unisex White Cap,Polyester,White,ADIDAS,699
253,38560,Men,Accessories,Headwear,Caps,Summer,2016.0,Casual,Nike Men Black Cap,Not specified,"Black, White",Nike,1495
254,44624,Unisex,Accessories,Headwear,Caps,Summer,2012.0,Casual,Nike Unisex Orange Daybreak Visor Cap,Acrylic,Orange,Nike,795
255,34795,Men,Accessories,Headwear,Caps,Summer,2012.0,Casual,Flying Machine Men Black Hat,Not specified,Black,Flying Machine,599
256,49799,Men,Accessories,Headwear,Caps,Summer,2012.0,Casual,Flying Machine Men Black Cap,Cotton,Black,Flying Machine,699
257,44623,Unisex,Accessories,Headwear,Caps,Summer,2012.0,Casual,Nike Unisex Orange Daybreak Cap,Not specified,Orange,Nike,895
258,38399,Unisex,Accessories,Headwear,Caps,Summer,2012.0,Sports,ADIDAS Delhi Daredevils Unisex Navy Blue Match Cap,Cotton,Navy Blue,ADIDAS,799
259,44849,Unisex,Accessories,Headwear,Caps,Summer,2012.0,Casual,Puma Unisex Black Ducati Logo Cap,Cotton,Black,Puma,899
260,12439,Unisex,Accessories,Headwear,Hat,Fall,2011.0,Casual,Timberland Unisex Casual Red Skull Caps,Not specified,Red,Timberland,1290
261,13724,Men,Accessories,Headwear,Caps,Fall,2011.0,Casual,Proline Men Black Patterned Beanie,Synthetic,Black,Proline,425
262,22635,Unisex,Accessories,Headwear,Caps,Fall,2011.0,Casual,Nike Unisex Striped Black Cap,Acrylic,"Black, White",Nike,995
263,12437,Unisex,Accessories,Headwear,Caps,Fall,2011.0,Casual,Timberland Unisex Casual Green Caps,Cotton,Green,Timberland,1490
264,49790,Men,Accessories,Headwear,Caps,Summer,2012.0,Casual,Flying Machine Men Black Cap,Cotton,Black,Flying Machine,599
265,38561,Men,Accessories,Headwear,Caps,Spring,2013.0,Casual,Nike Men White Cap,Not specified,"White, Black",Nike,995
266,3450,Unisex,Accessories,Headwear,Caps,Summer,2011.0,Sports,ADIDAS Kid's Delhi Daredevils Match Blue Cap,Polyester,"Blue, Red, White",ADIDAS,699
267,2582,Unisex,Accessories,Headwear,Caps,Summer,2011.0,Casual,Kalenji Children's Red Cap,Polyester,Red,Kalenji,259
268,2585,Unisex,Accessories,Headwear,Caps,Summer,2011.0,Casual,Kalenji Black Cap,Polyester,Black,Decathlon,299
269,40027,Unisex,Accessories,Headwear,Caps,Summer,2010.0,Casual,ADIDAS Unisex Black Cap,Polyester,Black,ADIDAS,699
270,18996,Unisex,Accessories,Headwear,Caps,Summer,2011.0,Casual,ADIDAS Originals Unisex Red Cap,Cotton,"Red, White, Blue",ADIDAS Originals,999
271,4449,Unisex,Accessories,Headwear,Caps,Summer,2011.0,Casual,Nike Unisex Dry Fit Navy Blue Cap,Polyester,Navy Blue,Nike,895
272,19886,Unisex,Accessories,Headwear,Caps,Fall,2011.0,Casual,ADIDAS Originals Unisex Dicolor Red Cap,Cotton,Red,ADIDAS Originals,699
273,18210,Men,Accessories,Headwear,Caps,Fall,2011.0,Casual,Manchester United Men Printed Black Cap,Cotton,Black,Manchester United,699
274,58150,Women,Accessories,Headwear,Caps,Summer,2012.0,Casual,Puma Women Black Sparkle Cat Cap,Cotton,Black,Puma,499
275,30641,Unisex,Accessories,Headwear,Caps,Summer,2012.0,Sports,Nike Unisex Red Cap,Polyester,Red,Nike,995
276,15539,Unisex,Accessories,Headwear,Caps,Summer,2011.0,Sports,Fila Unisex Printed Red Caps,Not specified,Red,FILA,399
277,40768,Men,Accessories,Headwear,Caps,Summer,2012.0,Casual,Quiksilver Men White Firsty Fishtails Cap,Cotton,White,Quiksilver,995
278,41027,Men,Accessories,Headwear,Caps,Summer,2012.0,Casual,Lee Men Brown Cap,Cotton,Brown,Lee,699
279,28610,Men,Accessories,Headwear,Caps,Summer,2012.0,Casual,Nike Men Red Cap,Acrylic,Red,Nike,595
280,49244,Men,Accessories,Headwear,Caps,Fall,2012.0,Casual,Arrow Men Black Cap,Cotton,Black,Arrow,699
281,40766,Men,Accessories,Headwear,Caps,Fall,2012.0,Casual,Quiksilver Men Navy Blue Flex Pintails Cap,Not specified,Navy Blue,Quiksilver,1395
282,30640,Unisex,Accessories,Headwear,Caps,Summer,2012.0,Sports,Nike Unisex Black Cap,Polyester,Black,Nike,995
283,58151,Men,Accessories,Headwear,Caps,Summer,2012.0,Casual,Puma Men Black Cap,Cotton,"Black, Red",Puma,1099
284,18211,Men,Accessories,Headwear,Caps,Fall,2011.0,Casual,Manchester United Men Printed Red Cap,Cotton,Red,Manchester United,699
285,41028,Men,Accessories,Headwear,Caps,Summer,2012.0,Casual,Lee Men Olive Cap,Cotton,Olive,Lee,699
286,49245,Men,Accessories,Headwear,Caps,Fall,2012.0,Casual,Arrow Men White Cap,Cotton,White,Arrow,599
287,48535,Men,Accessories,Headwear,Caps,Summer,2012.0,Casual,Wrangler Men Blue Denim Cap,Cotton,Blue,Wrangler,795
288,2467,Men,Accessories,Headwear,Caps,Summer,2012.0,Casual,Nike Men White Cap,Acrylic,White,Nike,595
289,40767,Men,Accessories,Headwear,Caps,Summer,2012.0,Casual,Quiksilver Men Grey Firsty Fishtails Cap,Cotton,"Grey, Blue",Quiksilver,995
290,49242,Men,Accessories,Headwear,Caps,Fall,2012.0,Casual,Arrow Men Purple Cap,Cotton,Purple,Arrow,599
291,40769,Men,Accessories,Headwear,Caps,Summer,2012.0,Casual,Quiksilver Men White Firsty Pintails Cap,Not specified,White,Quiksilver,995
292,41026,Men,Accessories,Headwear,Caps,Summer,2012.0,Casual,Lee Men Navy Blue Cap,Cotton,Navy Blue,Lee,699
