,id,gender,masterCategory,subCategory,articleType,season,year,usage,productDisplayName,Material,Content,Colour,Brand,Price
0,58522,Unisex,Accessories,Accessories,Travel Accessory,Summer,2015.0,Casual,Wildcraft Unisex Rust Orange Travel Pouch,Not specified,Not specified,Rust,Wildcraft,395
1,14893,Women,Accessories,Accessories,Travel Accessory,Summer,2011.0,Casual,United Colors of Benetton Women Solid Blue Bags,Not specified,Not specified,Blue,United Colors of Benetton,1299
2,42417,Unisex,Accessories,Accessories,Messenger Bag,Summer,2012.0,Casual,American Tourister Unisex Purple Messenger Bag,Not specified,Not specified,Purple,AMERICAN TOURISTER,990
3,14894,Women,Accessories,Accessories,Travel Accessory,Summer,2011.0,Casual,United Colors of Benetton Women Solid Black Bags,Not specified,Not specified,Black,United Colors of Benetton,1299
4,58525,Unisex,Accessories,Accessories,Travel Accessory,Summer,2010.0,Casual,Wildcraft Unisex Green Chalk Bag,Not specified,Not specified,Green,Wildcraft,395
5,19929,Men,Accessories,Accessories,Accessory Gift Set,Fall,2011.0,Formal,Reid & Taylor Men Formal Blue Tie+Cufflink+Pocket square - Combo Pack,Not specified,"Tie, Cufflinks, Pocket Square","Blue, Black",Reid & Taylor,2295
6,34464,Unisex,Accessories,Accessories,Travel Accessory,Summer,2012.0,Casual,ADIDAS Unisex Red Organizer Bag,Not specified,Not specified,Red,ADIDAS,399
7,31187,Men,Accessories,Accessories,Accessory Gift Set,Summer,2015.0,Casual,Cabarelli Men Accessory Gift Set,Not specified,Not specified,"Black, White",CABARELLI,1225
8,58920,Men,Accessories,Accessories,Accessory Gift Set,Summer,2012.0,Casual,Hakashi Men Combo pack Tie+Cufflink+Pocket square,Not specified,"Tie, Cufflinks, Pocket Square",Maroon,Hakashi,1275
9,18435,Unisex,Accessories,Accessories,Messenger Bag,Fall,2011.0,Casual,Vital Gear Unisex Black Messenger Bag,Polyester,Not specified,Black,VITAL Gear,1499
10,58523,Unisex,Accessories,Accessories,Travel Accessory,Summer,2015.0,Casual,Wildcraft Unisex Yellow Travel Pouch,Not specified,Not specified,Yellow,Wildcraft,395
11,19926,Men,Accessories,Accessories,Accessory Gift Set,Fall,2011.0,Formal,Reid & Taylor Men Formal Black Tie+Cufflink+Pocket square - Combo Pack,Not specified,"Tie, Cufflinks, Pocket Square",Black,Reid & Taylor,2295
12,58921,Men,Accessories,Accessories,Accessory Gift Set,Summer,2012.0,Casual,Hakashi Men Combo pack Tie+Cufflink+Pocket square,Not specified,"Tie, Cufflinks, Pocket Square",Multi,Hakashi,1275
13,24834,Unisex,Accessories,Accessories,Travel Accessory,Winter,2015.0,Casual,Wildcraft Unisex Black Travel Pouch,Not specified,Not specified,Black,Wildcraft,249
14,31186,Men,Accessories,Accessories,Accessory Gift Set,Summer,2015.0,Casual,Cabarelli Men Accessory Gift Set,Not specified,Not specified,"Black, White",CABARELLI,1225
15,25055,Men,Accessories,Accessories,Accessory Gift Set,Winter,2015.0,Formal,Lino Perros Men Formal Brown Accessory Gift Set,Not specified,"Tie, Cufflinks, Pocket Square",Brown,Lino Perros,1995
16,17369,Men,Accessories,Accessories,Accessory Gift Set,Fall,2011.0,Formal,Arrow Men Formal Purple Tie+Cufflink+Pocket square - Combo Pack,Not specified,"Tie, Cufflinks, Pocket Square","Purple, Steel",Arrow,1999
17,31204,Men,Accessories,Accessories,Accessory Gift Set,Summer,2012.0,Casual,Cabarelli Men Brown Accessory Gift Set,Not specified,Wallet and Belt,Brown,CABARELLI,499
18,9572,Unisex,Accessories,Accessories,Travel Accessory,Fall,2011.0,Casual,Puma Unisex Big Cat Shoe Bag Black Bags,Not specified,Not specified,Black,Puma,499
19,25064,Men,Accessories,Accessories,Accessory Gift Set,Winter,2015.0,Formal,Lino Perros Men Formal Brown Accessory Gift Set,Not specified,"Tie, Cufflinks, Pocket Square",Brown,Lino Perros,1995
20,17360,Men,Accessories,Accessories,Accessory Gift Set,Fall,2011.0,Formal,Arrow Men Formal Red Tie+Cufflink+Pocket square - Combo Pack,Not specified,"Tie, Cufflinks, Pocket Square","Red, Steel",Arrow,1699
21,17367,Men,Accessories,Accessories,Accessory Gift Set,Fall,2011.0,Formal,Arrow Men Formal Maroon Tie+Cufflink+Pocket square - Combo Pack,Not specified,"Tie, Cufflinks, Pocket Square","Maroon, Steel",Arrow,1999
22,25063,Men,Accessories,Accessories,Accessory Gift Set,Winter,2015.0,Formal,Lino Perros Men Formal Navy Blue/Red Accessory Gift Set,Not specified,"Tie, Cufflinks, Pocket Square","Navy Blue, Red",Lino Perros,1295
23,23106,Men,Accessories,Accessories,Accessory Gift Set,Winter,2011.0,Formal,Turtle Men Formal Maroon Accessory Gift Set,Not specified,"Tie, Cufflinks, Pocket Square","Maroon, Black",Turtle,1495
24,17359,Men,Accessories,Accessories,Accessory Gift Set,Fall,2011.0,Formal,Arrow Men Formal Purple Tie+Cufflink+Pocket square - Combo Pack,Not specified,"Tie, Cufflinks, Pocket Square","Purple, Steel",Arrow,1699
25,25062,Men,Accessories,Accessories,Accessory Gift Set,Winter,2015.0,Formal,Lino Perros Men Formal Brown Accessory Gift Set,Not specified,"Tie, Cufflinks, Pocket Square",Brown,Lino Perros,1995
26,17366,Men,Accessories,Accessories,Accessory Gift Set,Fall,2011.0,Formal,Arrow Men Formal Blue Tie+Cufflink+Pocket square - Combo Pack,Not specified,"Tie, Cufflinks, Pocket Square","Blue, Steel",Arrow,1999
27,58600,Women,Accessories,Accessories,Hair Accessory,Winter,2016.0,Casual,ToniQ Women Pink Hair Accessories,Not specified,Not specified,"Pink, Yellow",ToniQ,149
28,17361,Men,Accessories,Accessories,Accessory Gift Set,Fall,2011.0,Formal,Arrow Men Formal Purple Tie+Cufflink+Pocket square - Combo Pack,Not specified,"Tie, Cufflinks, Pocket Square",Purple,Arrow,1699
29,25065,Men,Accessories,Accessories,Accessory Gift Set,Winter,2015.0,Formal,Lino Perros Men Formal Brown Accessory Gift Set,Not specified,"Tie, Cufflinks, Pocket Square",Brown,Lino Perros,1495
30,17368,Men,Accessories,Accessories,Accessory Gift Set,Fall,2011.0,Formal,Arrow Men Formal Maroon Tie+Cufflink+Pocket square - Combo Pack,Not specified,"Tie, Cufflinks, Pocket Square",Maroon,Arrow,1699
31,25053,Men,Accessories,Accessories,Accessory Gift Set,Winter,2015.0,Formal,Lino Perros Men Formal Brown Accessory Gift Set,Not specified,"Tie, Cufflinks, Pocket Square",Brown,Lino Perros,1995
32,31202,Men,Accessories,Accessories,Accessory Gift Set,Summer,2012.0,Casual,Cabarelli Men Brown Accessory Gift Set,Not specified,Wallet and Belt,Brown,CABARELLI,850
33,25054,Men,Accessories,Accessories,Accessory Gift Set,Winter,2015.0,Formal,Lino Perros Men Formal Purple Accessory Gift Set,Not specified,"Tie, Cufflinks, Pocket Square",Purple,Lino Perros,1695
34,43230,Unisex,Accessories,Accessories,Key chain,Winter,2015.0,Casual,Wildcraft Unisex Black & Grey Carabiner Key Chain,Not specified,Not specified,"Black, Grey",Wildcraft,95
35,23113,Men,Accessories,Accessories,Accessory Gift Set,Fall,2011.0,Formal,Turtle Men Purple Accessory Gift Set,Not specified,"Tie, Cufflinks, Pocket Square",Purple,Turtle,1495
36,25076,Men,Accessories,Accessories,Accessory Gift Set,Winter,2015.0,Formal,Lino Perros Men Formal Black Accessory Gift Set,Not specified,"Tie, Cufflinks, Pocket Square",Black,Lino Perros,1695
37,17372,Men,Accessories,Accessories,Accessory Gift Set,Fall,2011.0,Formal,Arrow Men Formal Maroon Tie+Cufflink+Pocket square - Combo Pack,Not specified,"Tie, Cufflinks, Pocket Square",Maroon,Arrow,1699
38,25082,Men,Accessories,Accessories,Accessory Gift Set,Winter,2015.0,Formal,Lino Perros Men Formal Black Accessory Gift Set,Not specified,"Tie, Cufflinks, Pocket Square",Black,Lino Perros,1995
39,25049,Men,Accessories,Accessories,Accessory Gift Set,Winter,2015.0,Formal,Lino Perros Men Formal Grey Accessory Gift Set,Not specified,"Tie, Cufflinks, Pocket Square",Grey,Lino Perros,1495
40,17375,Men,Accessories,Accessories,Accessory Gift Set,Fall,2011.0,Formal,Arrow Men Formal Purple Tie+Cufflink+Pocket square - Combo Pack,Not specified,"Tie, Cufflinks, Pocket Square","Purple, Steel",Arrow,1999
41,25071,Men,Accessories,Accessories,Accessory Gift Set,Winter,2015.0,Formal,Lino Perros Men Formal Brown Accessory Gift Set,Not specified,"Tie, Cufflinks, Pocket Square",Brown,Lino Perros,1695
42,25047,Men,Accessories,Accessories,Accessory Gift Set,Winter,2015.0,Formal,Lino Perros Men Formal Blue Accessory Gift Set,Not specified,"Tie, Cufflinks, Pocket Square","Blue, Red",Lino Perros,1295
43,25078,Men,Accessories,Accessories,Accessory Gift Set,Winter,2015.0,Formal,Lino Perros Men Formal Black Accessory Gift Set,Not specified,"Tie, Cufflinks, Pocket Square",Black,Lino Perros,1495
44,38735,Unisex,Accessories,Accessories,Messenger Bag,Fall,2012.0,Casual,Nike Unisex Black Messenger Bag,Polyester,Not specified,Black,Nike,2295
45,25046,Men,Accessories,Accessories,Accessory Gift Set,Winter,2015.0,Formal,Lino Perros Men Formal Yellow Accessory Gift Set,Not specified,"Tie, Cufflinks, Pocket Square","Blue, Yellow",Lino Perros,1295
46,25079,Men,Accessories,Accessories,Accessory Gift Set,Winter,2015.0,Formal,Lino Perros Men Formal Maroon Accessory Gift Set,Not specified,"Tie, Cufflinks, Pocket Square",Maroon,Lino Perros,1695
47,25070,Men,Accessories,Accessories,Accessory Gift Set,Winter,2015.0,Formal,Lino Perros Men Formal Blue Accessory Gift Set,Not specified,"Tie, Cufflinks, Pocket Square",Blue,Lino Perros,1495
48,17374,Men,Accessories,Accessories,Accessory Gift Set,Fall,2011.0,Formal,Arrow Men Formal Purple Tie+Cufflink+Pocket square - Combo Pack,Not specified,"Tie, Cufflinks, Pocket Square","Purple, Steel",Arrow,1699
49,25084,Men,Accessories,Accessories,Accessory Gift Set,Winter,2015.0,Formal,Lino Perros Men Formal Grey Accessory Gift Set,Not specified,"Tie, Cufflinks, Pocket Square",Grey,Lino Perros,1695
50,51330,Unisex,Accessories,Accessories,Travel Accessory,Summer,2010.0,Casual,Wildcraft Unisex Black Rain Cover for Backpacks,Not specified,Not specified,Black,Wildcraft,495
51,25083,Men,Accessories,Accessories,Accessory Gift Set,Winter,2015.0,Formal,Lino Perros Men Formal Red Accessory Gift Set,Not specified,"Tie, Cufflinks, Pocket Square",Red,Lino Perros,1295
52,17373,Men,Accessories,Accessories,Accessory Gift Set,Fall,2011.0,Formal,Arrow Men Formal Purple Tie+Cufflink+Pocket square - Combo Pack,Not specified,"Tie, Cufflinks, Pocket Square",Purple,Arrow,1699
53,25077,Men,Accessories,Accessories,Accessory Gift Set,Winter,2015.0,Formal,Lino Perros Men Formal Navy Blue Accessory Gift Set,Not specified,"Tie, Cufflinks, Pocket Square",Navy Blue,Lino Perros,1995
54,25048,Men,Accessories,Accessories,Accessory Gift Set,Winter,2015.0,Formal,Lino Perros Men Formal Purple Accessory Gift Set,Not specified,"Tie, Cufflinks, Pocket Square",Purple,Lino Perros,1695
55,31192,Men,Accessories,Accessories,Accessory Gift Set,Summer,2015.0,Casual,Cabarelli Men Accessory Gift Set,Not specified,Not specified,"Brown, White",CABARELLI,1350
56,42066,Unisex,Accessories,Accessories,Key chain,Summer,2012.0,Casual,American Tourister Unisex Black Key Case,Not specified,Not specified,Black,AMERICAN TOURISTER,390
57,19932,Men,Accessories,Accessories,Accessory Gift Set,Fall,2011.0,Formal,Reid & Taylor Men Formal Maroon Tie+Cufflink+Pocket square - Combo Pack,Not specified,"Tie, Cufflinks, Pocket Square",Maroon,Reid & Taylor,2295
58,19935,Men,Accessories,Accessories,Accessory Gift Set,Fall,2011.0,Formal,Reid & Taylor Men Formal Purple Tie+Cufflink+Pocket square - Combo Pack,Not specified,"Tie, Cufflinks, Pocket Square","Purple, Black",Reid & Taylor,2295
59,40764,Men,Accessories,Accessories,Messenger Bag,Summer,2012.0,Casual,Quiksilver Men Black & White Messenger Bag,Polyester,Not specified,"Black, White, Brown",Quiksilver,1995
60,31193,Men,Accessories,Accessories,Accessory Gift Set,Summer,2015.0,Casual,Cabarelli Men Accessory Gift Set,Not specified,Not specified,"Brown, White",CABARELLI,1350
61,37638,Men,Accessories,Accessories,Accessory Gift Set,Summer,2012.0,Casual,Wills Lifestyle Men Leather Accessory Gift Set,Not specified,Not specified,Tan,Wills Lifestyle,1699
62,14889,Women,Accessories,Accessories,Travel Accessory,Summer,2011.0,Casual,United Colors of Benetton Women Solid Olive Bags,Not specified,Not specified,Olive,United Colors of Benetton,1199
63,17630,Unisex,Accessories,Accessories,Messenger Bag,Fall,2011.0,Casual,Puma Unisex Jamaica Lifestyle Black Messenger Bag,PU,Not specified,Black,Puma,2499
64,19934,Men,Accessories,Accessories,Accessory Gift Set,Fall,2011.0,Formal,Reid & Taylor Men Formal Blue  Tie+Cufflink+Pocket square - Combo Pack,Not specified,"Tie, Cufflinks, Pocket Square","Blue, Maroon",Reid & Taylor,2295
65,19933,Men,Accessories,Accessories,Accessory Gift Set,Fall,2011.0,Formal,Reid & Taylor Men Formal Red Tie+Cufflink+Pocket square - Combo Pack,Not specified,"Tie, Cufflinks, Pocket Square",Red,Reid & Taylor,2295
66,31183,Men,Accessories,Accessories,Accessory Gift Set,Summer,2012.0,Casual,Cabarelli Men Accessory Gift Set,Not specified,Wallet and Planner,Brown,CABARELLI,1999
67,58923,Men,Accessories,Accessories,Accessory Gift Set,Summer,2012.0,Casual,Hakashi Men Combo pack Tie+Cufflink+Pocket square,Not specified,"Tie, Cufflinks, Pocket Square","Black, White",Hakashi,1275
68,58924,Men,Accessories,Accessories,Accessory Gift Set,Summer,2012.0,Casual,Hakashi Men Combo pack Tie+Cufflink+Pocket square,Not specified,"Tie, Cufflinks, Pocket Square",Red,Hakashi,1275
69,31184,Men,Accessories,Accessories,Accessory Gift Set,Summer,2015.0,Casual,Cabarelli Men Accessory Gift Set,Not specified,Not specified,"Black, White",CABARELLI,1225
70,39527,Unisex,Accessories,Accessories,Travel Accessory,Summer,2012.0,Casual,Peter England Unisex Black Toilet Kit Bag,Not specified,Not specified,Black,Peter England,1099
71,41854,Men,Accessories,Accessories,Messenger Bag,Summer,2012.0,Casual,Probase Men Navy Blue Messenger Bag,Not specified,Not specified,Navy Blue,Probase,1599
72,14890,Women,Accessories,Accessories,Travel Accessory,Summer,2011.0,Casual,United Colors of Benetton Women Solid Purple Bags,Not specified,Not specified,Purple,United Colors of Benetton,1299
73,31185,Men,Accessories,Accessories,Accessory Gift Set,Summer,2015.0,Casual,Cabarelli Men Accessory Gift Set,Not specified,Not specified,"Brown, White",CABARELLI,1350
74,58922,Men,Accessories,Accessories,Accessory Gift Set,Summer,2012.0,Casual,Hakashi Men Black Combo pack Tie+Cufflink+Pocket square,Not specified,"Tie, Cufflinks, Pocket Square","Black, Grey",Hakashi,1275
75,31182,Men,Accessories,Accessories,Accessory Gift Set,Summer,2012.0,Casual,Cabarelli Men Black Accessory Gift Set,Not specified,"Wallet, Card Holder, Keychain",Black,CABARELLI,999
76,15928,Unisex,Accessories,Accessories,Travel Accessory,Fall,2011.0,Casual,ADIDAS Unisex Org City Corp Black Bag,Not specified,Not specified,Black,ADIDAS,399
77,23102,Men,Accessories,Accessories,Accessory Gift Set,Fall,2011.0,Formal,Turtle Men Formal Blue Tie Cufflink & Pocket Square Set,Not specified,"Tie, Cufflinks, Pocket Square",Blue,Turtle,1495
78,23105,Men,Accessories,Accessories,Accessory Gift Set,Fall,2011.0,Formal,Turtle Men Grey Accessory Gift Set,Not specified,"Tie, Cufflinks, Pocket Square",Grey,Turtle,1495
79,3472,Men,Accessories,Accessories,Water Bottle,Fall,2010.0,Casual,ADIDAS Phantom Black Sipper,Not specified,Not specified,Black,ADIDAS,299
80,51329,Unisex,Accessories,Accessories,Travel Accessory,Summer,2012.0,Casual,Wildcraft Unisex Blue & Black Pouch,Not specified,Not specified,"Blue, Black",Wildcraft,145
81,25051,Men,Accessories,Accessories,Accessory Gift Set,Winter,2015.0,Formal,Lino Perros Men Formal Purple Accessory Gift Set,Not specified,"Tie, Cufflinks, Pocket Square",Purple,Lino Perros,1995
82,25069,Men,Accessories,Accessories,Accessory Gift Set,Winter,2015.0,Formal,Lino Perros Men Formal Blue Accessory Gift Set,Not specified,"Tie, Cufflinks, Pocket Square",Blue,Lino Perros,1695
83,31200,Men,Accessories,Accessories,Accessory Gift Set,Summer,2012.0,Casual,Cabarelli Men Accessory Gift Set,Not specified,Wallet and Belt,"Brown, Black",CABARELLI,999
84,25056,Men,Accessories,Accessories,Accessory Gift Set,Winter,2015.0,Formal,Lino Perros Men Formal Blue Accessory Gift Set,Not specified,"Tie, Cufflinks, Pocket Square",Blue,Lino Perros,1995
85,17364,Men,Accessories,Accessories,Accessory Gift Set,Fall,2011.0,Formal,Arrow Men Formal Red Tie+Cufflink+Pocket square - Combo Pack,Not specified,"Tie, Cufflinks, Pocket Square",Red,Arrow,1699
86,25060,Men,Accessories,Accessories,Accessory Gift Set,Winter,2015.0,Formal,Lino Perros Men Formal Purple Accessory Gift Set,Not specified,"Tie, Cufflinks, Pocket Square",Purple,Lino Perros,1995
87,25058,Men,Accessories,Accessories,Accessory Gift Set,Winter,2015.0,Formal,Lino Perros Men Formal Blue Accessory Gift Set,Not specified,"Tie, Cufflinks, Pocket Square","Blue, Red",Lino Perros,1295
88,25067,Men,Accessories,Accessories,Accessory Gift Set,Winter,2015.0,Formal,Lino Perros Men Formal Black Accessory Gift Set,Not specified,"Tie, Cufflinks, Pocket Square",Black,Lino Perros,1695
89,17363,Men,Accessories,Accessories,Accessory Gift Set,Fall,2011.0,Formal,Arrow Men Formal Maroon Tie+Cufflink+Pocket square - Combo Pack,Not specified,"Tie, Cufflinks, Pocket Square","Maroon, Steel",Arrow,1999
90,51320,Unisex,Accessories,Accessories,Travel Accessory,Summer,2010.0,Casual,Wildcraft Unisex Black Travel Pouch,Not specified,Not specified,"Black, Red",Wildcraft,145
91,3473,Men,Accessories,Accessories,Water Bottle,Fall,2010.0,Casual,ADIDAS Black Sipper,Not specified,Not specified,Black,ADIDAS,699
92,1915,Unisex,Accessories,Accessories,Water Bottle,Summer,2011.0,Casual,Quechua Yellow Sipper,Not specified,Not specified,Yellow,Quechua,699
93,15654,Unisex,Accessories,Accessories,Messenger Bag,Fall,2011.0,Casual,Belkin Unisex Black Messenger Bag,Polyester,Not specified,Black,Belkin,2699
94,23104,Men,Accessories,Accessories,Accessory Gift Set,Winter,2011.0,Formal,Turtle Men Formal Red Accessory Gift Set,Not specified,"Tie, Cufflinks, Pocket Square",Red,Turtle,1495
95,25059,Men,Accessories,Accessories,Accessory Gift Set,Winter,2015.0,Formal,Lino Perros Men Formal Purple Accessory Gift Set,Not specified,"Tie, Cufflinks, Pocket Square",Purple,Lino Perros,1295
96,17362,Men,Accessories,Accessories,Accessory Gift Set,Fall,2011.0,Formal,Arrow Men Formal Maroon Tie+Cufflink+Pocket square - Combo Pack,Not specified,"Tie, Cufflinks, Pocket Square",Maroon,Arrow,1699
97,25066,Men,Accessories,Accessories,Accessory Gift Set,Winter,2015.0,Formal,Lino Perros Men Formal Turquoise Blue Accessory Gift Set,Not specified,"Tie, Cufflinks, Pocket Square",Turquoise Blue,Lino Perros,1695
98,25061,Men,Accessories,Accessories,Accessory Gift Set,Winter,2015.0,Formal,Lino Perros Men Formal Purple Accessory Gift Set,Not specified,"Tie, Cufflinks, Pocket Square",Purple,Lino Perros,1695
99,17365,Men,Accessories,Accessories,Accessory Gift Set,Fall,2011.0,Formal,Arrow Men Formal Blue Tie+Cufflink+Pocket square - Combo Pack,Not specified,"Tie, Cufflinks, Pocket Square","Blue, Steel",Arrow,1999
100,25068,Men,Accessories,Accessories,Accessory Gift Set,Winter,2015.0,Formal,Lino Perros Men Formal Maroon Accessory Gift Set,Not specified,"Tie, Cufflinks, Pocket Square",Maroon,Lino Perros,1695
101,31201,Men,Accessories,Accessories,Accessory Gift Set,Summer,2012.0,Casual,Cabarelli Men Black Accessory Gift Set,Not specified,Not specified,Black,CABARELLI,850
102,25057,Men,Accessories,Accessories,Accessory Gift Set,Winter,2015.0,Formal,Lino Perros Men Formal Yellow Accessory Gift Set,Not specified,"Tie, Cufflinks, Pocket Square",Yellow,Lino Perros,1695
103,25050,Men,Accessories,Accessories,Accessory Gift Set,Winter,2015.0,Formal,Lino Perros Men Formal Brown Accessory Gift Set,Not specified,"Tie, Cufflinks, Pocket Square",Brown,Lino Perros,1695
104,2357,Men,Accessories,Accessories,Water Bottle,Fall,2010.0,Sports,ADIDAS White Water Sipper,Not specified,Not specified,White,ADIDAS,249
105,31206,Men,Accessories,Accessories,Accessory Gift Set,Summer,2012.0,Casual,Cabarelli Men Brown Accessory Gift Set,Not specified,Not specified,Brown,CABARELLI,999
106,17376,Men,Accessories,Accessories,Accessory Gift Set,Fall,2011.0,Formal,Arrow Men Formal Red Tie+Cufflink+Pocket square - Combo Pack,Not specified,"Tie, Cufflinks, Pocket Square","Red, Steel",Arrow,1999
107,25072,Men,Accessories,Accessories,Accessory Gift Set,Winter,2015.0,Formal,Lino Perros Men Formal Pink Accessory Gift Set,Not specified,"Tie, Cufflinks, Pocket Square",Pink,Lino Perros,1295
108,25075,Men,Accessories,Accessories,Accessory Gift Set,Winter,2015.0,Formal,Lino Perros Men Formal Maroon Accessory Gift Set,Not specified,"Tie, Cufflinks, Pocket Square",Maroon,Lino Perros,1995
109,25081,Men,Accessories,Accessories,Accessory Gift Set,Winter,2015.0,Formal,Lino Perros Men Formal Black Accessory Gift Set,Not specified,"Tie, Cufflinks, Pocket Square",Black,Lino Perros,1695
110,17371,Men,Accessories,Accessories,Accessory Gift Set,Fall,2011.0,Formal,Arrow Men Formal Red Tie+Cufflink+Pocket square - Combo Pack,Not specified,"Tie, Cufflinks, Pocket Square",Red,Arrow,1699
111,17378,Men,Accessories,Accessories,Accessory Gift Set,Fall,2011.0,Formal,Arrow Men Formal Purple Tie+Cufflink+Pocket square - Combo Pack,Not specified,"Tie, Cufflinks, Pocket Square",Purple,Arrow,1699
112,50429,Unisex,Accessories,Accessories,Messenger Bag,Summer,2012.0,Casual,Lino Perros Unisex Blue Satchel,Synthetic,Not specified,Blue,Lino Perros,1995
113,25045,Men,Accessories,Accessories,Accessory Gift Set,Winter,2015.0,Formal,Lino Perros Men Formal Blue Red Accessory Gift Set,Not specified,"Tie, Cufflinks, Pocket Square","Blue, Red, Beige",Lino Perros,1295
114,17379,Men,Accessories,Accessories,Accessory Gift Set,Fall,2011.0,Formal,Arrow Men Formal Blue Tie+Cufflink+Pocket square - Combo Pack,Not specified,"Tie, Cufflinks, Pocket Square",Blue,Arrow,1699
115,38736,Unisex,Accessories,Accessories,Messenger Bag,Summer,2012.0,Casual,Nike Unisex Multi Coloured Metropolis Messenger Bag,Polyester,Not specified,"Multi, Blue",Nike,2295
116,17370,Men,Accessories,Accessories,Accessory Gift Set,Fall,2011.0,Formal,Arrow Men Formal Purple Tie+Cufflink+Pocket square - Combo Pack,Not specified,"Tie, Cufflinks, Pocket Square","Purple, Steel",Arrow,1999
117,25080,Men,Accessories,Accessories,Accessory Gift Set,Winter,2015.0,Formal,Lino Perros Men Formal Black Accessory Gift Set,Not specified,"Tie, Cufflinks, Pocket Square",Black,Lino Perros,1695
118,25074,Men,Accessories,Accessories,Accessory Gift Set,Winter,2015.0,Formal,Lino Perros Men Formal Black Accessory Gift Set,Not specified,"Tie, Cufflinks, Pocket Square",Black,Lino Perros,1695
119,25073,Men,Accessories,Accessories,Accessory Gift Set,Winter,2015.0,Formal,Lino Perros Men Formal Maroon Accessory Gift Set,Not specified,"Tie, Cufflinks, Pocket Square",Maroon,Lino Perros,1695
120,17377,Men,Accessories,Accessories,Accessory Gift Set,Fall,2011.0,Formal,Arrow Men Formal Purple Tie+Cufflink+Pocket square - Combo Pack,Not specified,"Tie, Cufflinks, Pocket Square",Purple,Arrow,1699
121,50428,Unisex,Accessories,Accessories,Messenger Bag,Summer,2012.0,Casual,Lino Perros Unisex Khaki Satchel,Not specified,Not specified,Khaki,Lino Perros,1995
122,23099,Men,Accessories,Accessories,Accessory Gift Set,Fall,2011.0,Formal,Turtle Men Maroon Accessory Gift Set,Not specified,"Tie, Cufflinks, Pocket Square",Maroon,Turtle,1495
123,19936,Men,Accessories,Accessories,Accessory Gift Set,Fall,2011.0,Formal,Reid & Taylor Men Formal Brown Tie+Cufflink+Pocket square - Combo Pack,Not specified,"Tie, Cufflinks, Pocket Square","Brown, Blue",Reid & Taylor,2295
124,19931,Men,Accessories,Accessories,Accessory Gift Set,Fall,2011.0,Formal,Reid & Taylor Men Formal Maroon Tie+Cufflink+Pocket square - Combo Pack,Not specified,"Tie, Cufflinks, Pocket Square","Maroon, Black",Reid & Taylor,2295
125,31191,Men,Accessories,Accessories,Accessory Gift Set,Summer,2015.0,Casual,Cabarelli Men Accessory Gift Set,Not specified,Not specified,Brown,CABARELLI,1350
126,19930,Men,Accessories,Accessories,Accessory Gift Set,Fall,2011.0,Formal,Reid & Taylor Men Formal Blue Tie+Cufflink+Pocket square - Combo Pack,Not specified,"Tie, Cufflinks, Pocket Square",Blue,Reid & Taylor,2295
127,19937,Men,Accessories,Accessories,Accessory Gift Set,Fall,2011.0,Formal,Reid & Taylor Men Formal Blue Tie+Cufflink+Pocket square - Combo Pack,Not specified,"Tie, Cufflinks, Pocket Square",Blue,Reid & Taylor,2295
128,31190,Men,Accessories,Accessories,Accessory Gift Set,Summer,2012.0,Casual,Cabarelli Men Accessory Gift Set,Not specified,Wallet and Handkerchief,"Brown, White",CABARELLI,1350
