,id,gender,masterCategory,subCategory,articleType,season,year,usage,productDisplayName,Total Shelf Life in Months,Minimum Usable Period in Months,Skin Type,Formulation,Units Per Bundle,Coverage,Minimum Shelf Life in Months,Skin Tone,Type,Finish,Features,Colour,Brand,Price
0,55233,Women,Personal Care,Makeup,Foundation and Primer,Summer,2019.0,Casual,Lakme Nine to Five Flawless Makeup Shell Foundation,Not specified,Not specified,All,Not specified,Not specified,Not specified,Not specified,Fair to Light,Not specified,Not specified,Not specified,Skin,Lakme,575
1,55234,Women,Personal Care,Makeup,Foundation and Primer,Summer,2019.0,Casual,Lakme 9to5 Flawless Makeup Marble Foundation,Not specified,Not specified,All,Liquid,1,Medium,Not specified,Fair to Light,Foundation,Not specified,Long-Wearing,Skin,Lakme,600
2,55833,Women,Personal Care,Makeup,Highlighter and Blush,Spring,2017.0,Casual,Colorbar Glamour Radiant Glow 001,Not specified,Not specified,Not specified,Not specified,Not specified,Not specified,Not specified,Not specified,Not specified,Not specified,Not specified,Skin,Colorbar,475
3,57793,Women,Personal Care,Makeup,Compact,Spring,2017.0,,Lotus Herbals Natural Blend Botanical Compact 550,24,12,Not specified,Not specified,1,Not specified,6,Combination,Pressed,Matte,Not specified,Skin,Lotus Herbals,455
4,50181,Women,Personal Care,Makeup,Kajal and Eyeliner,Spring,2017.0,Casual,Peperone Women Beige Handbag,Not specified,Not specified,Not specified,Not specified,1,Not specified,Not specified,Not specified,Pencil,Not specified,Smudge Proof,Beige,Peperone,1545
5,56612,Women,Personal Care,Makeup,Highlighter and Blush,Spring,2017.0,,Streetwear True Color Claret Tint Blusher,Not specified,Not specified,Not specified,Cream,1,Not specified,Not specified,Light to Medium,Not specified,Matte,Not specified,Peach,Streetwear,425
6,55251,Women,Personal Care,Makeup,Highlighter and Blush,Spring,2017.0,Casual,Lakme Absolute Moonlit Highlighter Face Brightener 9G,Not specified,Not specified,Not specified,Not specified,Not specified,Not specified,Not specified,Not specified,Not specified,Not specified,Not specified,"Skin, Brown",Lakme,600
7,55400,Women,Personal Care,Makeup,Kajal and Eyeliner,Spring,2017.0,Casual,Revlon Grow Luscious Graphite Eye Liner,36,Not specified,Not specified,Not specified,1,Not specified,Not specified,Not specified,Pencil,Not specified,Smudge Proof,Charcoal,Revlon,450
8,55256,Women,Personal Care,Makeup,Kajal and Eyeliner,Summer,2019.0,Casual,Lakme Absolute Forever Silk Blacklast Eye Liner,Not specified,Not specified,Not specified,Not specified,1,Not specified,Not specified,Not specified,Pencil,Not specified,Smudge Proof,Black,Lakme,475
9,56615,Women,Personal Care,Makeup,Highlighter and Blush,Spring,2017.0,Casual,Streetwear Stay On Mineral Rose Swirl Blusher,Not specified,Not specified,Not specified,Cream,1,Not specified,Not specified,Light to Medium,Not specified,Matte,Not specified,Rose,Streetwear,525
10,55269,Women,Personal Care,Makeup,Kajal and Eyeliner,Summer,2019.0,Casual,Lakme Absolute Shine Line Black Eye Liner,Not specified,Not specified,Not specified,Not specified,1,Not specified,Not specified,Not specified,Pencil,Not specified,Smudge Proof,Black,Lakme,400
11,49094,Women,Personal Care,Makeup,Kajal and Eyeliner,Spring,2017.0,Casual,Deborah Kajal 119,48,Not specified,Not specified,Not specified,1,Not specified,Not specified,Not specified,Pencil,Not specified,Smudge Proof,Purple,Deborah,250
12,55260,Women,Personal Care,Makeup,Kajal and Eyeliner,Spring,2017.0,Casual,Lakme Forever Silk Jaded Mint Eye Liner,Not specified,Not specified,Not specified,Not specified,1,Not specified,Not specified,Not specified,Pencil,Not specified,Smudge Proof,Green,Lakme,425
13,55267,Women,Personal Care,Makeup,Kajal and Eyeliner,Spring,2017.0,Casual,Lakme Absolute Shine Line Olive Eye Liner,Not specified,Not specified,Not specified,Not specified,1,Not specified,Not specified,Not specified,Pencil,Not specified,Smudge Proof,Olive,Lakme,350
14,55258,Women,Personal Care,Makeup,Kajal and Eyeliner,Spring,2017.0,Casual,Lakme Absolute Forever Silk Blue Cosmos Eye Liner,Not specified,Not specified,Not specified,Not specified,1,Not specified,Not specified,Not specified,Pencil,Not specified,Smudge Proof,Blue,Lakme,425
15,57792,Women,Personal Care,Makeup,Compact,Spring,2017.0,,Lotus Herbals Nude Botanical Compact 560,24,12,Not specified,Not specified,1,Not specified,6,Combination,Pressed,Matte,Not specified,Nude,Lotus Herbals,425
16,57750,Women,Personal Care,Makeup,Foundation and Primer,Spring,2017.0,Casual,Lotus Herbals Natural Blend Comfort Liquid Sand Foundation 310,24,12,Oily,Liquid,1,Medium,6,Fair to Light,Foundation,Not specified,Regular,Skin,Lotus Herbals,365
17,55235,Women,Personal Care,Makeup,Foundation and Primer,Summer,2019.0,Casual,Lakme 9 to 5 Flawless Makeup Pearl Foundation 30 ml,24,6,All,Liquid,1,Medium,24,Light to Medium,Foundation,Not specified,Long-Wearing,Peach,Lakme,600
18,55232,Women,Personal Care,Makeup,Foundation and Primer,Spring,2017.0,Casual,Lakme Perfect Radiance Intense Whitening Beige Honey Foundation 05,36,6,All,Liquid,1,High,12,Fair to Light,Foundation,Not specified,Regular,Skin,Lakme,450
19,55266,Women,Personal Care,Makeup,Kajal and Eyeliner,Spring,2017.0,Casual,Lakme Absolute Shine Line Brown Shimmer Eye Liner,Not specified,Not specified,Not specified,Not specified,1,Not specified,Not specified,Not specified,Pencil,Not specified,Smudge Proof,Brown,Lakme,350
20,55259,Women,Personal Care,Makeup,Kajal and Eyeliner,Spring,2017.0,Casual,Lakme Absolute Forever Silk Earth Line Eye Liner,Not specified,Not specified,Not specified,Not specified,1,Not specified,Not specified,Not specified,Pencil,Not specified,Smudge Proof,Brown,Lakme,425
21,55261,Women,Personal Care,Makeup,Kajal and Eyeliner,Spring,2017.0,Casual,Lakme Absolute Forever Silk Gypsy Green Eye Liner,Not specified,Not specified,Not specified,Not specified,1,Not specified,Not specified,Not specified,Pencil,Not specified,Smudge Proof,Olive,Lakme,425
22,56614,Women,Personal Care,Makeup,Highlighter and Blush,Spring,2017.0,,Streetwear True Color Peachy Sheen Blusher,Not specified,Not specified,Not specified,Cream,1,Not specified,Not specified,Light to Medium,Not specified,Matte,Not specified,Peach,Streetwear,425
23,55257,Women,Personal Care,Makeup,Kajal and Eyeliner,Spring,2017.0,Casual,Lakme Absolute Forever Silk Grey Matter Eyeliner,Not specified,Not specified,Not specified,Not specified,1,Not specified,Not specified,Not specified,Pencil,Not specified,Smudge Proof,Grey,Lakme,425
24,49095,Women,Personal Care,Makeup,Compact,Spring,2017.0,Casual,Deborah Ultra Fine Compact Powder 02,Not specified,Not specified,Not specified,Not specified,Not specified,Not specified,Not specified,Not specified,Not specified,Not specified,Not specified,Skin,Deborah,595
25,55268,Women,Personal Care,Makeup,Kajal and Eyeliner,Spring,2017.0,Casual,Lakme Absolute Shine Line Smoky Grey Eye Liner,Not specified,Not specified,Not specified,Not specified,1,Not specified,Not specified,Not specified,Pencil,Not specified,Smudge Proof,Grey,Lakme,350
26,55250,Women,Personal Care,Makeup,Highlighter and Blush,Spring,2017.0,Casual,Lakme Absolute Sun-Kissed Bronzer,Not specified,Not specified,Not specified,Not specified,Not specified,Not specified,Not specified,Not specified,Not specified,Not specified,Not specified,Bronze,Lakme,600
27,56613,Women,Personal Care,Makeup,Highlighter and Blush,Spring,2017.0,,Streetwear True Color Plush Plum Blusher,Not specified,Not specified,Not specified,Cream,1,Not specified,Not specified,Light to Medium,Not specified,Matte,Not specified,Rust,Streetwear,425
28,56137,Women,Personal Care,Makeup,Eyeshadow,Spring,2017.0,Casual,Colorbar Green Stroke Eye Shadow,24,12,Not specified,Pressed Powder,1,Not specified,6,Not specified,Not specified,Glitter,Not specified,Green,Colorbar,300
29,55580,Women,Personal Care,Makeup,Compact,Spring,2017.0,Casual,Revlon Touch & Glow Gold Matte Moisturising Powder 69,24,12,Not specified,Not specified,1,Not specified,6,Combination,Pressed,Matte,Not specified,Skin,Revlon,415
30,55574,Women,Personal Care,Makeup,Compact,Spring,2017.0,Casual,Revlon Photo Ready Medium/ Deep Compact 03,24,12,Not specified,Not specified,1,Not specified,6,Combination,Pressed,Matte,Not specified,Skin,Revlon,1100
31,55110,Women,Personal Care,Makeup,Compact,Spring,2017.0,Casual,Lakme Perfect Radiance Intense Whitening 05 Compact,Not specified,Not specified,Not specified,Not specified,Not specified,Not specified,Not specified,Not specified,Not specified,Not specified,Not specified,Skin,Lakme,210
32,49113,Women,Personal Care,Makeup,Foundation and Primer,Spring,2017.0,Casual,Deborah New Skin Compact Foundation 04,Not specified,Not specified,All,Not specified,Not specified,Not specified,Not specified,Fair to Light,Not specified,Not specified,Not specified,Skin,Deborah,695
33,55117,Women,Personal Care,Makeup,Foundation and Primer,Spring,2017.0,Casual,Lakme Absolute Mattreal Skin Natural Mousse 03,24,12,All,Cream,1,Medium,6,Fair to Light,Foundation,Not specified,Regular,Skin,Lakme,750
34,55573,Women,Personal Care,Makeup,Concealer,Spring,2017.0,Casual,Revlon Photo Ready Light Medium Concealer 003,24,12,All,Stick,1,Medium,6,Wheatish,Not specified,Not specified,Not specified,Skin,Revlon,700
35,56139,Women,Personal Care,Makeup,Eyeshadow,Spring,2017.0,Casual,Colorbar Really Rose Eye Shadow 004,24,12,Not specified,Pressed Powder,1,Not specified,6,Not specified,Not specified,Glitter,Not specified,Pink,Colorbar,300
36,55545,Women,Personal Care,Makeup,Kajal and Eyeliner,Spring,2017.0,Casual,Revlon Colorstay One-Stroke Defining Blooming Blue Eye Pencil,36,Not specified,Not specified,Not specified,1,Not specified,Not specified,Not specified,Pencil,Not specified,Smudge Proof,Blue,Revlon,675
37,55542,Women,Personal Care,Makeup,Kajal and Eyeliner,Spring,2017.0,Casual,Revlon Black Color Stay Pen Eyeliner,36,Not specified,Not specified,Not specified,1,Not specified,Not specified,Not specified,Pencil,Not specified,Waterproof,Black,Revlon,600
38,56155,Women,Personal Care,Makeup,Kajal and Eyeliner,Spring,2017.0,Casual,Colorbar I-Glide Passionately Gold Eye Pencil 08,36,Not specified,Not specified,Not specified,1,Not specified,Not specified,Not specified,Pencil,Not specified,Smudge Proof,Gold,Colorbar,399
39,55529,Women,Personal Care,Makeup,Foundation and Primer,Spring,2017.0,Casual,Revlon Touch & Glow Moisturising Makeup Rose Mist,24,12,All,Liquid,1,Medium,6,Fair to Light,Foundation,Not specified,Regular,Skin,Revlon,225
40,56190,Women,Personal Care,Makeup,Compact,Spring,2017.0,Casual,Colorbar Time Plus Honey Compact Powder 006,24,12,Not specified,Not specified,1,Not specified,6,Combination,Pressed,Matte,Not specified,Skin,Colorbar,200
41,55527,Women,Personal Care,Makeup,Highlighter and Blush,Spring,2017.0,Casual,Revlon Skinlights Face Pink Light Illuminator Lotion,Not specified,Not specified,Not specified,Not specified,Not specified,Not specified,Not specified,Not specified,Not specified,Not specified,Not specified,Skin,Revlon,850
42,56164,Women,Personal Care,Makeup,Kajal and Eyeliner,Spring,2017.0,Casual,Colorbar I-Define Moss Green Eye Pencil 004,36,Not specified,Not specified,Not specified,1,Not specified,Not specified,Not specified,Pencil,Not specified,Smudge Proof,Green,Colorbar,325
43,55520,Women,Personal Care,Makeup,Foundation and Primer,Spring,2017.0,Casual,Revlon Photo Ready Makeup 010 Caramel,24,12,All,Liquid,1,Medium,6,Fair to Light,Foundation,Not specified,Regular,Skin,Revlon,950
44,55118,Women,Personal Care,Makeup,Foundation and Primer,Spring,2017.0,Casual,Lakme Absolute Mattreal Ivory Fair Skin Natural Mousse 01,24,12,All,Cream,1,Medium,6,Fair to Light,Foundation,Not specified,Regular,Skin,Lakme,775
45,55543,Women,Personal Care,Makeup,Kajal and Eyeliner,Spring,2017.0,Casual,Revlon Totally Turquoise 03 Eyeliner,36,Not specified,Not specified,Not specified,1,Not specified,Not specified,Not specified,Pencil,Not specified,Waterproof,Blue,Revlon,675
46,56138,Women,Personal Care,Makeup,Eyeshadow,Spring,2017.0,Casual,Colorbar Expensive Pink Eye Shadow 005,24,12,Not specified,Pressed Powder,1,Not specified,6,Not specified,Not specified,Glitter,Not specified,Pink,Colorbar,300
47,55544,Women,Personal Care,Makeup,Kajal and Eyeliner,Spring,2017.0,Casual,Revlon Colorstay One-Stroke Defining Glazed Green Eye Pencil,36,Not specified,Not specified,Not specified,1,Not specified,Not specified,Not specified,Pencil,Not specified,Smudge Proof,Green,Revlon,675
48,49112,Women,Personal Care,Makeup,Foundation and Primer,Spring,2017.0,Casual,Deborah New Skin Compact Foundation 03,36,Not specified,All,Not specified,Not specified,Not specified,Not specified,Fair to Light,Not specified,Not specified,Not specified,Skin,Deborah,695
49,55586,Women,Personal Care,Makeup,Highlighter and Blush,Spring,2017.0,Casual,Revlon Photo Ready Pink Sculpting Blush Palette 01,24,12,Not specified,Cream,1,Not specified,6,Light to Medium,Not specified,Matte,Not specified,"Pink, Brown, Beige",Revlon,900
50,55116,Women,Personal Care,Makeup,Foundation and Primer,Spring,2017.0,Casual,Lakme Absolute Mattreal Beige Honey Skin Natural Mousse 05,24,12,All,Cream,1,Medium,6,Fair to Light,Foundation,Not specified,Regular,Skin,Lakme,750
51,55572,Women,Personal Care,Makeup,Concealer,Spring,2017.0,Casual,Revlon Photo Ready Medium Deep Concealer 005,24,12,All,Stick,1,Medium,6,Wheatish,Not specified,Not specified,Not specified,Skin,Revlon,700
52,55575,Women,Personal Care,Makeup,Compact,Spring,2017.0,Casual,Revlon Photoready Light/Medium Compact 020,24,12,Not specified,Not specified,1,Not specified,6,Combination,Pressed,Matte,Not specified,Skin,Revlon,850
53,55111,Women,Personal Care,Makeup,Compact,Spring,2017.0,Casual,Lakme Perfect Radiance Intense Whitening 03 Compact,Not specified,Not specified,Not specified,Not specified,Not specified,Not specified,Not specified,Not specified,Not specified,Not specified,Not specified,Skin,Lakme,210
54,55581,Women,Personal Care,Makeup,Highlighter and Blush,Spring,2017.0,Casual,Revlon Pink Peony Powder Blush 17,24,12,Not specified,Cream,1,Not specified,6,Light to Medium,Not specified,Matte,Not specified,Peach,Revlon,900
55,56136,Women,Personal Care,Makeup,Eyeshadow,Spring,2017.0,Casual,Colorbar Aquamarine Eye Shadow 007,24,12,Not specified,Pressed Powder,1,Not specified,6,Not specified,Not specified,Glitter,Not specified,Blue,Colorbar,300
56,56196,Women,Personal Care,Makeup,Highlighter and Blush,Spring,2017.0,Casual,ColorBar Cosmic Rose Blusher 002,24,12,Not specified,Cream,1,Not specified,6,Light to Medium,Not specified,Matte,Not specified,Rose,Colorbar,375
57,55521,Women,Personal Care,Makeup,Foundation and Primer,Spring,2017.0,Casual,Revlon PhotoReady Medium Beige Makeup 006,24,12,All,Liquid,1,Medium,6,Fair to Light,Foundation,Not specified,Regular,Skin,Revlon,950
58,56162,Women,Personal Care,Makeup,Kajal and Eyeliner,Spring,2017.0,Casual,Colorbar I-Define Midnight Black Eye Liner 007,36,Not specified,Not specified,Not specified,1,Not specified,Not specified,Not specified,Pencil,Not specified,Smudge Proof,Black,Colorbar,325
59,56165,Women,Personal Care,Makeup,Kajal and Eyeliner,Spring,2017.0,Casual,Colorbar I-Define Truffle Eye Pencil 003,36,Not specified,Not specified,Not specified,1,Not specified,Not specified,Not specified,Pencil,Not specified,Smudge Proof,Brown,Colorbar,325
60,55526,Women,Personal Care,Makeup,Highlighter and Blush,Spring,2017.0,Casual,Revlon Skinlights Bronze Light Face Illuminator,Not specified,Not specified,Not specified,Not specified,Not specified,Not specified,Not specified,Not specified,Not specified,Not specified,Not specified,Bronze,Revlon,750
61,56191,Women,Personal Care,Makeup,Compact,Spring,2017.0,Casual,Colorbar Time Plus Beige Compact 005,24,12,Not specified,Not specified,1,Not specified,6,Combination,Pressed,Matte,Not specified,Beige,Colorbar,200
62,55528,Women,Personal Care,Makeup,Highlighter and Blush,Spring,2017.0,Casual,Revlon Skinlights Face Peach Light Illuminator Lotion,Not specified,Not specified,Not specified,Not specified,Not specified,Not specified,Not specified,Not specified,Not specified,Not specified,Not specified,Skin,Revlon,800
63,49155,Women,Personal Care,Makeup,Highlighter and Blush,Spring,2017.0,,Deborah Cacao HiTech Blusher # 12,48,Not specified,Not specified,Cream,1,Not specified,Not specified,Light to Medium,Not specified,Matte,Not specified,Brown,Deborah,625
64,56149,Women,Personal Care,Makeup,Kajal and Eyeliner,Spring,2017.0,Casual,Colorbar Ultimate Eye Liner 001,36,Not specified,Not specified,Not specified,1,Not specified,Not specified,Not specified,Pencil,Not specified,Smudge Proof,Black,Colorbar,550
65,55535,Women,Personal Care,Makeup,Eyeshadow,Spring,2017.0,Casual,Revlon Custom Eyes Smoky Sexy Eye Shadow 035,24,12,Not specified,Pressed Powder,1,Not specified,6,Not specified,Not specified,Glitter,Not specified,Multi,Revlon,695
66,56182,Women,Personal Care,Makeup,Compact,Spring,2017.0,Casual,ColorBar Dusk Triple Act Compact 003,24,12,Not specified,Not specified,1,Not specified,6,Combination,Pressed,Matte,Not specified,Skin,Colorbar,475
67,56176,Women,Personal Care,Makeup,Kajal and Eyeliner,Spring,2017.0,Casual,Colorbar Purple Hue Eye Liner 002,36,Not specified,Not specified,Not specified,1,Not specified,Not specified,Not specified,Pencil,Not specified,Smudge Proof,Purple,Colorbar,350
68,56171,Women,Personal Care,Makeup,Kajal and Eyeliner,Spring,2017.0,Casual,Colorbar Blue Color Intense Eye Liner,36,Not specified,Not specified,Not specified,1,Not specified,Not specified,Not specified,Pencil,Not specified,Waterproof,Blue,Colorbar,350
69,56185,Women,Personal Care,Makeup,Compact,Spring,2017.0,Casual,ColorBar Tan Radiant White UV Fairness Compact 005,24,12,Not specified,Not specified,1,Not specified,6,Combination,Pressed,Matte,Not specified,Skin,Colorbar,300
70,55532,Women,Personal Care,Makeup,Foundation and Primer,Spring,2017.0,Casual,Revlon Touch And Glow Golden Mist Moisturising Make up 07,24,12,All,Liquid,1,Medium,6,Fair to Light,Foundation,Not specified,Regular,Skin,Revlon,225
71,56178,Women,Personal Care,Makeup,Concealer,Spring,2017.0,Casual,Colorbar Sand Beige Concealer 003,36,12,All,Cream,1,Medium,6,Wheatish,Not specified,Not specified,Not specified,Beige,Colorbar,495
72,55399,Women,Personal Care,Makeup,Kajal and Eyeliner,Spring,2017.0,Casual,Revlon Grow Luscious Emerald Lash Liner,36,Not specified,Not specified,Not specified,1,Not specified,Not specified,Not specified,Pencil,Not specified,Smudge Proof,Green,Revlon,450
73,49164,Women,Personal Care,Makeup,Kajal and Eyeliner,Spring,2017.0,,Deborah Kajal 117,48,Not specified,Not specified,Not specified,1,Not specified,Not specified,Not specified,Pencil,Not specified,Smudge Proof,White,Deborah,250
74,56147,Women,Personal Care,Makeup,Eyeshadow,Spring,2017.0,Casual,Colorbar Green Enchanting Trio Eye Shadow,24,12,Not specified,Pressed Powder,1,Not specified,6,Not specified,Not specified,Glitter,Long Lasting,Green,Colorbar,550
75,49163,Women,Personal Care,Makeup,Kajal and Eyeliner,Spring,2017.0,Casual,Deborah Kajal 112,48,Not specified,Not specified,Not specified,1,Not specified,Not specified,Not specified,Pencil,Not specified,Smudge Proof,Brown,Deborah,250
76,57891,Women,Personal Care,Makeup,Kajal and Eyeliner,Spring,2017.0,Casual,Biotique Bio Kajal,Not specified,Not specified,Not specified,Not specified,1,Not specified,Not specified,Not specified,Pencil,Not specified,Smudge Proof,Black,Biotique,99
77,56140,Women,Personal Care,Makeup,Eyeshadow,Spring,2017.0,Casual,Colorbar Spicy Brown Eye Shadow 003,24,12,Not specified,Pressed Powder,1,Not specified,6,Not specified,Not specified,Glitter,Not specified,Brown,Colorbar,300
78,56584,Women,Personal Care,Makeup,Highlighter and Blush,Spring,2017.0,Casual,Streetwear Crystal Ivory Shine Face Brightener,Not specified,Not specified,Not specified,Not specified,Not specified,Not specified,Not specified,Not specified,Not specified,Not specified,Not specified,Skin,Streetwear,425
79,55301,Women,Personal Care,Makeup,Eyeshadow,Spring,2017.0,Casual,Lakme Shadow Artist Shimmer Stick,36,6,Not specified,Crayon,1,Not specified,12,Not specified,Not specified,Glitter,Not specified,Green,Lakme,350
80,55557,Women,Personal Care,Makeup,Kajal and Eyeliner,Spring,2017.0,Casual,Revlon ColorStay Bingo Blue Liquid Eye Liner,36,Not specified,Not specified,Not specified,1,Not specified,Not specified,Not specified,Pencil,Not specified,Smudge Proof,Blue,Revlon,685
81,56570,Women,Personal Care,Makeup,Foundation and Primer,Spring,2017.0,Casual,Streetwear Shine Divine Whitening Liquid Snow Foundation,Not specified,Not specified,All,Not specified,Not specified,Not specified,Not specified,Fair to Light,Not specified,Not specified,Not specified,Skin,Streetwear,400
82,55550,Women,Personal Care,Makeup,Kajal and Eyeliner,Spring,2017.0,Casual,Revlon Sparkling Blue Eyeliner,36,Not specified,Not specified,Not specified,1,Not specified,Not specified,Not specified,Pencil,Not specified,Waterproof,Blue,Revlon,550
83,56583,Women,Personal Care,Makeup,Highlighter and Blush,Spring,2017.0,,Streetwear Crystal Shine Face Brightener,Not specified,Not specified,Not specified,Not specified,Not specified,Not specified,Not specified,Not specified,Not specified,Not specified,Not specified,Skin,Streetwear,425
84,56125,Women,Personal Care,Makeup,Highlighter and Blush,Spring,2017.0,Casual,Colorbar Tab Paparazzi Bronze Touch & Blushe 002,24,12,Not specified,Cream,1,Not specified,6,Light to Medium,Not specified,Matte,Not specified,Bronze,Colorbar,499
85,55559,Women,Personal Care,Makeup,Kajal and Eyeliner,Spring,2017.0,Casual,Revlon Fabuliner Black Eye Liner,36,Not specified,Not specified,Not specified,1,Not specified,Not specified,Not specified,Pencil,Not specified,Smudge Proof,Black,Revlon,480
86,56546,Women,Personal Care,Makeup,Makeup Remover,Spring,2017.0,,Streetwear Makeup Remover,Not specified,Not specified,Not specified,Not specified,Not specified,Not specified,Not specified,Not specified,Not specified,Not specified,Not specified,White,Streetwear,120
87,56122,Women,Personal Care,Makeup,Foundation and Primer,Spring,2017.0,Casual,Colorbar Beige Perfect Match Foundation,24,12,All,Liquid,1,Medium,6,Fair to Light,Foundation,Not specified,Regular,Skin,Colorbar,675
88,56579,Women,Personal Care,Makeup,Foundation and Primer,Spring,2017.0,Casual,Streetwear Stay On Caramel Foundation,Not specified,Not specified,All,Not specified,Not specified,Not specified,Not specified,Fair to Light,Not specified,Not specified,Not specified,Skin,Streetwear,495
89,49162,Women,Personal Care,Makeup,Kajal and Eyeliner,Spring,2017.0,Casual,Deborah Kajal 104,48,Not specified,Not specified,Not specified,1,Not specified,Not specified,Not specified,Pencil,Not specified,Smudge Proof,Black,Deborah,250
90,56141,Women,Personal Care,Makeup,Eyeshadow,Spring,2017.0,Casual,Colorbar Copper Crush Eye Shadow 002,24,12,Not specified,Pressed Powder,1,Not specified,6,Not specified,Not specified,Glitter,Not specified,Copper,Colorbar,300
91,49165,Women,Personal Care,Makeup,Kajal and Eyeliner,Spring,2017.0,Casual,Deborah Kajal 118,48,Not specified,Not specified,Not specified,1,Not specified,Not specified,Not specified,Pencil,Not specified,Smudge Proof,Olive,Deborah,250
92,56179,Women,Personal Care,Makeup,Concealer,Spring,2017.0,Casual,Colorbar Full Cover Creamy Natural Concealer 002,36,Not specified,All,Cream,1,Medium,Not specified,Wheatish,Not specified,Not specified,Not specified,Skin,Colorbar,495
93,56146,Women,Personal Care,Makeup,Eyeshadow,Spring,2017.0,Casual,Colorbar Enchanting Trio Feeling Blue Eye Shadow 003,24,12,Not specified,Pressed Powder,1,Not specified,6,Not specified,Not specified,Glitter,Long Lasting,Blue,Colorbar,550
94,49153,Women,Personal Care,Makeup,Highlighter and Blush,Spring,2017.0,,Deborah Terracotta HiTech Blusher # 52,48,Not specified,Not specified,Powder,1,Not specified,Not specified,Light to Medium,Not specified,Matte,Not specified,Brown,Deborah,625
95,56184,Women,Personal Care,Makeup,Compact,Spring,2017.0,Casual,ColorBar Neutral Triple Act Compact 001,24,12,Not specified,Not specified,1,Not specified,6,Combination,Pressed,Matte,Not specified,Skin,Colorbar,475
96,56170,Women,Personal Care,Makeup,Kajal and Eyeliner,Spring,2017.0,Casual,Colorbar Color Intense Mauve Mermaid Liquid Eyeliner 009,36,Not specified,Not specified,Not specified,1,Not specified,Not specified,Not specified,Pencil,Not specified,Waterproof,Mauve,Colorbar,350
97,56148,Women,Personal Care,Makeup,Eyeshadow,Spring,2017.0,Casual,Colorbar Enchanting Trio Innocently Pink Eye Shadow 001,24,12,Not specified,Pressed Powder,1,Not specified,6,Not specified,Not specified,Glitter,Long Lasting,Pink,Colorbar,550
98,49154,Women,Personal Care,Makeup,Highlighter and Blush,Spring,2017.0,,Deborah Rame HiTech Blusher # 24,48,Not specified,Not specified,Cream,1,Not specified,Not specified,Light to Medium,Not specified,Matte,Not specified,Peach,Deborah,625
99,56177,Women,Personal Care,Makeup,Kajal and Eyeliner,Spring,2017.0,Casual,Colorbar Color Intense Mignight Sky Liquid Eye Liner 001,36,Not specified,Not specified,Not specified,1,Not specified,Not specified,Not specified,Pencil,Not specified,Smudge Proof,Navy Blue,Colorbar,350
100,56183,Women,Personal Care,Makeup,Compact,Spring,2017.0,Casual,Colorbar Triple Act Sand Compact 002,24,12,Not specified,Not specified,1,Not specified,6,Combination,Pressed,Matte,Not specified,Skin,Colorbar,475
101,56123,Women,Personal Care,Makeup,Foundation and Primer,Spring,2017.0,Casual,Colorbar Perfect Match Nude Beige Foundation 002,24,12,All,Liquid,1,Medium,6,Fair to Light,Foundation,Not specified,Regular,Skin,Colorbar,675
102,49100,Women,Personal Care,Makeup,Foundation and Primer,Spring,2017.0,Casual,Deborah Amber 24 Ore Perfect Foundation 5,36,Not specified,All,Not specified,Not specified,Not specified,Not specified,Fair to Light,Not specified,Not specified,Not specified,Skin,Deborah,650
103,49138,Women,Personal Care,Makeup,Foundation and Primer,Spring,2017.0,Casual,Deborah Nude Perfection 5 Foundation,36,Not specified,All,Not specified,Not specified,Not specified,Not specified,Fair to Light,Not specified,Not specified,Not specified,Skin,Deborah,595
104,56124,Women,Personal Care,Makeup,Foundation and Primer,Spring,2017.0,Casual,Colorbar Perfect Match Classic Ivory Foundation 001,24,12,All,Liquid,1,Medium,6,Fair to Light,Foundation,Not specified,Regular,Skin,Colorbar,675
105,55558,Women,Personal Care,Makeup,Kajal and Eyeliner,Spring,2017.0,Casual,Revlon Baked Bronze Liquid Eye Liner 02,36,Not specified,Not specified,Not specified,1,Not specified,Not specified,Not specified,Pencil,Not specified,Smudge Proof,Bronze,Revlon,685
106,55551,Women,Personal Care,Makeup,Kajal and Eyeliner,Spring,2017.0,Casual,Revlon Colorstay Sparkling Black Eye Liner,36,Not specified,Not specified,Not specified,1,Not specified,Not specified,Not specified,Pencil,Not specified,Waterproof,Black,Revlon,440
107,56582,Women,Personal Care,Makeup,Highlighter and Blush,Spring,2017.0,,Streetwear Crystal Shine Bronze Face Brightener Loose Powder,Not specified,Not specified,Not specified,Not specified,Not specified,Not specified,Not specified,Not specified,Not specified,Not specified,Not specified,Bronze,Streetwear,425
108,56576,Women,Personal Care,Makeup,Foundation and Primer,Spring,2017.0,Casual,Streetwear Stay On Natural 3 in 1 Makeup,Not specified,Not specified,All,Not specified,Not specified,Not specified,Not specified,Fair to Light,Not specified,Not specified,Not specified,Skin,Streetwear,525
109,56571,Women,Personal Care,Makeup,Foundation and Primer,Spring,2017.0,,Streetwear Stay On Mineral Toast Foundation,Not specified,Not specified,All,Not specified,Not specified,Not specified,Not specified,Fair to Light,Not specified,Not specified,Not specified,Skin,Streetwear,625
110,56585,Women,Personal Care,Makeup,Highlighter and Blush,Spring,2017.0,Casual,Streetwear Crystal Shine Honey Shine Face Brightener,Not specified,Not specified,Not specified,Not specified,Not specified,Not specified,Not specified,Not specified,Not specified,Not specified,Not specified,Skin,Streetwear,390
111,55300,Women,Personal Care,Makeup,Eyeshadow,Spring,2017.0,Casual,Lakme Shadow Artist Shimmer Stick,36,6,Not specified,Crayon,1,Not specified,12,Not specified,Not specified,Glitter,Not specified,Green,Lakme,350
112,55556,Women,Personal Care,Makeup,Kajal and Eyeliner,Spring,2017.0,Casual,Revlon ColorStay Black Beauty Liquid Eye Liner,36,Not specified,Not specified,Not specified,1,Not specified,Not specified,Not specified,Pencil,Not specified,Smudge Proof,Black,Revlon,685
113,49109,Women,Personal Care,Makeup,Foundation and Primer,Spring,2017.0,Casual,Deborah Age Reset Anti Ageing Foundation 01,Not specified,Not specified,All,Not specified,Not specified,Not specified,Not specified,Fair to Light,Not specified,Not specified,Not specified,Skin,Deborah,750
114,55272,Women,Personal Care,Makeup,Kajal and Eyeliner,Spring,2017.0,Casual,Lakme Women Absolute Precision Liquid Eye Liner,24,Not specified,Not specified,Not specified,1,Not specified,Not specified,Not specified,Pencil,Not specified,Waterproof,Black,Lakme,475
115,56609,Women,Personal Care,Makeup,Compact,Spring,2017.0,,Streetwear Stay On Warm Compact,Not specified,Not specified,Not specified,Not specified,Not specified,Not specified,Not specified,Not specified,Not specified,Not specified,Not specified,Skin,Streetwear,475
116,55078,Women,Personal Care,Makeup,Compact,Spring,2017.0,Casual,Lakme Nine to Five Flawless Creme Shell Compact,Not specified,Not specified,Not specified,Not specified,1,Not specified,Not specified,Combination,Pressed,Matte,Not specified,Skin,Lakme,650
117,55281,Women,Personal Care,Makeup,Highlighter and Blush,Spring,2017.0,Casual,Lakme Cheek Chromatic Baked Blusher,Not specified,Not specified,Not specified,Cream,1,Not specified,Not specified,Light to Medium,Not specified,Matte,Not specified,Pink,Lakme,550
118,55275,Women,Personal Care,Makeup,Compact,Summer,2019.0,Casual,Lakme Rose Powder With Sunscreen,Not specified,Not specified,Not specified,Not specified,1,Not specified,Not specified,Combination,Pressed,Matte,Not specified,Pink,Lakme,140
119,55288,Women,Personal Care,Makeup,Highlighter and Blush,Spring,2017.0,Casual,Lakme Sun Kissed Face Sheer,24,24,Not specified,Cream,1,Not specified,6,Light to Medium,Not specified,Matte,Not specified,Skin,Lakme,400
120,56600,Women,Personal Care,Makeup,Kajal and Eyeliner,Spring,2017.0,Casual,Streetwear Stay On Liquid Eye Liner,Not specified,Not specified,Not specified,Not specified,1,Not specified,Not specified,Not specified,Pencil,Not specified,Not specified,Black,Streetwear,350
121,55243,Women,Personal Care,Makeup,Foundation and Primer,Summer,2019.0,Casual,Lakme Perfecting Natural Pearl Liquid Foundation,24,Not specified,All,Liquid,1,Medium,Not specified,Fair to Light,Foundation,Not specified,Regular,Skin,Lakme,150
122,49086,Women,Personal Care,Makeup,Compact,Spring,2017.0,Casual,Deborah Ultrafine Compact Powder 01,Not specified,Not specified,Not specified,Not specified,Not specified,Not specified,Not specified,Not specified,Not specified,Not specified,Not specified,Skin,Deborah,595
123,55244,Women,Personal Care,Makeup,Foundation and Primer,Spring,2017.0,Casual,Lakme Shell Silk Naturelle Daily Foundation,Not specified,Not specified,All,Liquid,1,Medium,Not specified,Fair to Light,Foundation,Not specified,Regular,Skin,Lakme,350
124,56607,Women,Personal Care,Makeup,Compact,Spring,2017.0,Casual,Streetwear Shine Divine Whitening Natural Compact,Not specified,Not specified,Not specified,Not specified,Not specified,Not specified,Not specified,Not specified,Not specified,Not specified,Not specified,Skin,Streetwear,210
125,57781,Women,Personal Care,Makeup,Kajal and Eyeliner,Spring,2017.0,,Lotus Herbals Opulence Botanical Eye Liner,24,Not specified,Not specified,Not specified,1,Not specified,Not specified,Not specified,Pencil,Not specified,Smudge Proof,Black,Lotus Herbals,195
126,57786,Women,Personal Care,Makeup,Compact,Spring,2017.0,Casual,Lotus Herbals Naturalblend Loose Powder Auto-Puff,24,12,Not specified,Not specified,1,Not specified,6,Combination,Loose,Matte,Not specified,Beige,Lotus Herbals,445
127,55228,Women,Personal Care,Makeup,Foundation and Primer,Spring,2017.0,Casual,Lakme Absolute White Intense Skin Cover Beige Honey 05 Foundation,36,6,Normal,Liquid,1,Medium,12,Tan to Dark,Foundation,Not specified,Regular,Beige,Lakme,775
128,57744,Women,Personal Care,Makeup,Foundation and Primer,Spring,2017.0,Casual,Lotus Herbals Pure Radiance Fresh Ivory Daily Foundation 350,24,12,All,Liquid,1,Medium,6,Fair to Light,Foundation,Not specified,Regular,Skin,Lotus Herbals,245
129,57743,Women,Personal Care,Makeup,Foundation and Primer,Spring,2017.0,Casual,Lotus Herbals Pure Radiance Soft Beige Daily Foundation 360,24,12,All,Liquid,1,Medium,6,Fair to Light,Foundation,Not specified,Regular,Skin,Lotus Herbals,245
130,55226,Women,Personal Care,Makeup,Kajal and Eyeliner,Spring,2017.0,Casual,Lakme Kajal,Not specified,Not specified,Not specified,Not specified,1,Not specified,Not specified,Not specified,Pencil,Not specified,Smudge Proof,Black,Lakme,60
131,57788,Women,Personal Care,Makeup,Compact,Spring,2017.0,Casual,Lotus Herbals Pure Radiance Caramel Compact 575,24,12,Not specified,Not specified,1,Not specified,6,Combination,Pressed,Matte,Not specified,Skin,Lotus Herbals,295
132,56606,Women,Personal Care,Makeup,Compact,Spring,2017.0,Casual,Streetwear Shine Divine Whitening Fawn Compact,Not specified,Not specified,Not specified,Not specified,Not specified,Not specified,Not specified,Not specified,Not specified,Not specified,Not specified,Skin,Streetwear,210
133,55245,Women,Personal Care,Makeup,Foundation and Primer,Spring,2017.0,Casual,Lakme Silk Naturelle Marble Daily Foundation,Not specified,Not specified,All,Not specified,Not specified,Not specified,Not specified,Fair to Light,Not specified,Not specified,Not specified,Skin,Lakme,350
134,55289,Women,Personal Care,Makeup,Highlighter and Blush,Spring,2017.0,Casual,Lakme Earth Blaze Face Sheer,Not specified,Not specified,Not specified,Cream,1,Not specified,Not specified,Light to Medium,Not specified,Matte,Not specified,Bronze,Lakme,350
135,55242,Women,Personal Care,Makeup,Foundation and Primer,Summer,2019.0,Casual,Lakme Perfecting Natural Marble Liquid Foundation,24,Not specified,All,Liquid,1,Medium,Not specified,Fair to Light,Foundation,Not specified,Regular,Skin,Lakme,140
136,55070,Women,Personal Care,Makeup,Kajal and Eyeliner,Spring,2017.0,Casual,Lakme Absolute Kohl Ultimate Kajal,Not specified,Not specified,Not specified,Not specified,1,Not specified,Not specified,Not specified,Pencil,Not specified,Smudge Proof,Black,Lakme,725
137,56601,Women,Personal Care,Makeup,Kajal and Eyeliner,Spring,2017.0,Casual,Streetwear Eye Definer Rose Eye Liner 10,Not specified,Not specified,Not specified,Not specified,1,Not specified,Not specified,Not specified,Pencil,Not specified,Not specified,Rose,Streetwear,165
138,55079,Women,Personal Care,Makeup,Compact,Spring,2017.0,Casual,Lakme Nine to Five Flawless Creme Marble Compact,Not specified,Not specified,Not specified,Not specified,1,Not specified,Not specified,Combination,Pressed,Matte,Not specified,Skin,Lakme,650
139,56608,Women,Personal Care,Makeup,Compact,Spring,2017.0,Casual,Streetwear Shine Divine Whitening Ivory Compact,Not specified,Not specified,Not specified,Not specified,Not specified,Not specified,Not specified,Not specified,Not specified,Not specified,Not specified,Skin,Streetwear,210
140,55274,Women,Personal Care,Makeup,Concealer,Spring,2017.0,Casual,Lakme Absolute White Intense Light to Medium Concealer,36,6,All,Stick,1,Medium,12,Wheatish,Not specified,Not specified,Not specified,Skin,Lakme,450
141,55280,Women,Personal Care,Makeup,Highlighter and Blush,Spring,2017.0,Casual,Lakme Women Pure Rouge Peach Affair Blusher,24,Not specified,Not specified,Liquid,Not specified,Not specified,Not specified,Fair to Light,Not specified,Glossy,Not specified,Pink,Lakme,475
142,55287,Women,Personal Care,Makeup,Highlighter and Blush,Spring,2017.0,Casual,Lakme Desert Rose Face Sheer,36,6,Not specified,Cream,1,Not specified,24,Light to Medium,Not specified,Matte,Not specified,Skin,Lakme,400
143,55273,Women,Personal Care,Makeup,Concealer,Spring,2017.0,Casual,Lakme Absolute White Intense Medium to Dark Concealer,36,6,All,Stick,1,Medium,12,Wheatish,Not specified,Not specified,Not specified,Skin,Lakme,450
144,55227,Women,Personal Care,Makeup,Foundation and Primer,Summer,2019.0,Casual,Lakme Absolute White Intense Skin Cover Ivory Fair Foundation 01,36,6,All,Liquid,1,Medium,12,Fair to Light,Foundation,Not specified,Regular,Skin,Lakme,750
145,57742,Women,Personal Care,Makeup,Foundation and Primer,Spring,2017.0,Casual,Lotus Herbals Pure Radiance Caramel Daily Foundation 370,24,12,All,Liquid,1,Medium,6,Fair to Light,Foundation,Not specified,Regular,Skin,Lotus Herbals,175
146,57789,Women,Personal Care,Makeup,Compact,Spring,2017.0,,Lotus Herbals Pure Radiance Light Choco Compact 555,24,12,Not specified,Not specified,1,Not specified,6,Light,Pressed,Matte,Not specified,Skin,Lotus Herbals,355
147,57745,Women,Personal Care,Makeup,Foundation and Primer,Spring,2017.0,,Lotus Herbals Naturalblend Swift Make-up Stick Creamy Peach Foundation 730,24,12,All,Crayon,1,Medium,6,Fair to Light,Foundation,Not specified,Regular,Peach,Lotus Herbals,345
148,57787,Women,Personal Care,Makeup,Compact,Spring,2017.0,,Lotus Herbals SPF-15 Magic Mocha Compact 577,24,12,Not specified,Not specified,1,Not specified,6,Combination,Pressed,Matte,Not specified,Skin,Lotus Herbals,295
149,55229,Women,Personal Care,Makeup,Foundation and Primer,Spring,2017.0,Casual,Lakme Absolute White Intense Skin Cover 03,24,Not specified,All,Liquid,Not specified,Not specified,Not specified,Fair to Light,Foundation,Not specified,Not specified,Skin,Lakme,775
150,57780,Women,Personal Care,Makeup,Kajal and Eyeliner,Spring,2017.0,,Lotus Herbals Make-Up Hypnotica Eye Contour Definer Onyx 14,24,Not specified,Not specified,Not specified,1,Not specified,Not specified,Not specified,Pencil,Not specified,Waterproof,Black,Lotus Herbals,225
151,55255,Women,Personal Care,Makeup,Kajal and Eyeliner,Spring,2017.0,Casual,Lakme Glide On Deep Teal Eye Color,Not specified,Not specified,Not specified,Not specified,1,Not specified,Not specified,Not specified,Pencil,Not specified,Waterproof,Teal,Lakme,275
152,56424,Women,Personal Care,Makeup,Highlighter and Blush,Spring,2017.0,Casual,Streetwear Stay On Blush Blusher,Not specified,Not specified,Not specified,Cream,1,Not specified,Not specified,Light to Medium,Not specified,Matte,Not specified,Pink,Streetwear,540
153,56616,Women,Personal Care,Makeup,Highlighter and Blush,Spring,2017.0,Casual,Streetwear Stay On Mineral Peppy Apricot Blusher,Not specified,Not specified,Not specified,Cream,1,Not specified,Not specified,Light to Medium,Not specified,Matte,Not specified,Peach,Streetwear,525
154,49097,Women,Personal Care,Makeup,Compact,Spring,2017.0,Casual,Deborah Ultrafine Compact Powder 08,Not specified,Not specified,Not specified,Not specified,Not specified,Not specified,Not specified,Not specified,Not specified,Not specified,Not specified,Skin,Deborah,595
155,56611,Women,Personal Care,Makeup,Compact,Spring,2017.0,,Streetwear Stay On Caramel Compact,Not specified,Not specified,Not specified,Not specified,Not specified,Not specified,Not specified,Not specified,Not specified,Not specified,Not specified,Skin,Streetwear,475
156,55299,Women,Personal Care,Makeup,Eyeshadow,Spring,2017.0,Casual,Lakme Absolute Eye Chromatic Day Shimmer Baked Eye Shadow,24,Not specified,Not specified,Pressed Powder,1,Not specified,Not specified,Not specified,Not specified,Glitter,Long Lasting,"Bronze, Bronze",Lakme,595
157,49099,Women,Personal Care,Makeup,Foundation and Primer,Spring,2017.0,Casual,Deborah 24 Ore Perfect Foundation Apricot 4,36,Not specified,All,Not specified,Not specified,Not specified,Not specified,Fair to Light,Not specified,Not specified,Not specified,Skin,Deborah,650
158,55264,Women,Personal Care,Makeup,Kajal and Eyeliner,Spring,2017.0,Casual,Lakme Fantasy Mystic Mauve Shimmer Eye Liner,Not specified,Not specified,Not specified,Not specified,1,Not specified,Not specified,Not specified,Pencil,Not specified,Smudge Proof,Purple,Lakme,295
159,56618,Women,Personal Care,Makeup,Highlighter and Blush,Spring,2017.0,Casual,Streetwear Stay On Pink Sugar Blush,Not specified,Not specified,Not specified,Cream,1,Not specified,Not specified,Light to Medium,Not specified,Matte,Not specified,Pink,Streetwear,540
160,55263,Women,Personal Care,Makeup,Kajal and Eyeliner,Spring,2017.0,Casual,Lakme Fantasy Midnight Moon Shimmer Eye Liner,Not specified,Not specified,Not specified,Not specified,1,Not specified,Not specified,Not specified,Pencil,Not specified,Smudge Proof,Grey,Lakme,300
161,55297,Women,Personal Care,Makeup,Eyeshadow,Spring,2017.0,Casual,Lakme Absolute Eye Chromatic Night Flash Baked Eye Shadow,Not specified,Not specified,Not specified,Pressed Powder,1,Not specified,Not specified,Not specified,Not specified,Glitter,Long Lasting,"Multi, Purple",Lakme,595
162,57739,Women,Personal Care,Makeup,Foundation and Primer,Spring,2017.0,Casual,Lotus Herbals Pure Radiance Caramel Daily Foundation 370,24,12,All,Liquid,1,Medium,6,Fair to Light,Foundation,Not specified,Regular,Skin,Lotus Herbals,245
163,57752,Women,Personal Care,Makeup,Foundation and Primer,Spring,2017.0,Casual,Lotus Herbals Natural Blend Comfort Liquid Buff Foundation 320,24,12,Normal,Liquid,1,Medium,6,Fair to Light,Foundation,Not specified,Regular,Skin,Lotus Herbals,345
164,55237,Women,Personal Care,Makeup,Foundation and Primer,Spring,2017.0,Casual,Lakme Invisible Finish Foundation 05,Not specified,Not specified,All,Not specified,Not specified,Not specified,Not specified,Fair to Light,Not specified,Not specified,Not specified,Skin,Lakme,260
165,55230,Women,Personal Care,Makeup,Foundation and Primer,Spring,2017.0,Casual,Lakme Perfect Radiance Intense Whitening Golden Medium Foundation 03,36,6,All,Liquid,1,High,12,Fair to Light,Foundation,Not specified,Regular,Skin,Lakme,450
166,55239,Women,Personal Care,Makeup,Foundation and Primer,Spring,2017.0,Casual,Lakme Invisible Finish Foundation 02 Foundation,36,24,All,Cream,1,Medium,24,Fair to Light,Foundation,Not specified,Regular,Skin,Lakme,250
167,57790,Women,Personal Care,Makeup,Compact,Spring,2017.0,Casual,Lotus Herbals Pure Radiance Matte Pearl Compact 545,24,12,Not specified,Not specified,1,Not specified,6,Combination,Pressed,Matte,Not specified,Skin,Lotus Herbals,355
168,55296,Women,Personal Care,Makeup,Eyeshadow,Spring,2017.0,Casual,Lakme Absolute Eye Chromatic Night Desire Baked Eye Shadow,Not specified,Not specified,Not specified,Pressed Powder,1,Not specified,Not specified,Not specified,Not specified,Glitter,Long Lasting,"Purple, Lavender",Lakme,595
169,55262,Women,Personal Care,Makeup,Kajal and Eyeliner,Spring,2017.0,Casual,Lakme Absolute Forever Silk Electric Violet Eye Liner,Not specified,Not specified,Not specified,Not specified,1,Not specified,Not specified,Not specified,Pencil,Not specified,Smudge Proof,Purple,Lakme,425
170,57738,Women,Personal Care,Makeup,Kajal and Eyeliner,Spring,2017.0,,Lotus Herbals Natural Kajal,24,Not specified,Not specified,Not specified,1,Not specified,Not specified,Not specified,Pencil,Not specified,Smudge Proof,Black,Lotus Herbals,145
171,55265,Women,Personal Care,Makeup,Kajal and Eyeliner,Spring,2017.0,Casual,Lakme Fantasy Glimmer Blue Shimmer Eye Liner,Not specified,Not specified,Not specified,Not specified,1,Not specified,Not specified,Not specified,Pencil,Not specified,Smudge Proof,Blue,Lakme,300
172,56619,Women,Personal Care,Makeup,Highlighter and Blush,Spring,2017.0,,Streetwear Stay On Blush Blusher,Not specified,Not specified,Not specified,Cream,1,Not specified,Not specified,Light to Medium,Not specified,Matte,Not specified,Pink,Streetwear,540
173,55253,Women,Personal Care,Makeup,Kajal and Eyeliner,Spring,2017.0,Casual,Lakme Glide On Aqua Marine Eye Color,Not specified,Not specified,Not specified,Not specified,1,Not specified,Not specified,Not specified,Pencil,Not specified,Waterproof,Blue,Lakme,350
174,56610,Women,Personal Care,Makeup,Compact,Spring,2017.0,,Streetwear Stay On Pearl Compact,Not specified,Not specified,Not specified,Not specified,Not specified,Not specified,Not specified,Not specified,Not specified,Not specified,Not specified,Skin,Streetwear,475
175,55298,Women,Personal Care,Makeup,Eyeshadow,Spring,2017.0,Casual,Lakme Absolute Eye Chromatic Day Queen Baked Eye Shadow,Not specified,Not specified,Not specified,Pressed Powder,1,Not specified,Not specified,Not specified,Not specified,Glitter,Long Lasting,"Green, Green",Lakme,595
176,56617,Women,Personal Care,Makeup,Highlighter and Blush,Spring,2017.0,,Streetwear Stay On Mineral Pink Rosette Blusher,Not specified,Not specified,Not specified,Cream,1,Not specified,Not specified,Light to Medium,Not specified,Matte,Not specified,Pink,Streetwear,525
177,55402,Women,Personal Care,Makeup,Kajal and Eyeliner,Spring,2017.0,Casual,Revlon Grow Luscious Onyx Lash Liner,36,Not specified,Not specified,Not specified,1,Not specified,Not specified,Not specified,Pencil,Not specified,Smudge Proof,Black,Revlon,450
178,55254,Women,Personal Care,Makeup,Kajal and Eyeliner,Spring,2017.0,Casual,Lakme Glide On Vivid Blue Eye Color,Not specified,Not specified,Not specified,Not specified,1,Not specified,Not specified,Not specified,Pencil,Not specified,Waterproof,Blue,Lakme,350
179,49096,Women,Personal Care,Makeup,Compact,Spring,2017.0,Casual,Deborah Ultrafine Compact Powder 07,Not specified,Not specified,Not specified,Not specified,Not specified,Not specified,Not specified,Not specified,Not specified,Not specified,Not specified,Skin,Deborah,595
180,57791,Women,Personal Care,Makeup,Compact,Spring,2017.0,,Lotus Herbals Natural Blend Botanical Compact 570,24,12,Not specified,Not specified,1,Not specified,6,Combination,Pressed,Matte,Not specified,Skin,Lotus Herbals,425
181,55238,Women,Personal Care,Makeup,Foundation and Primer,Summer,2019.0,Casual,Lakme Invisible Finish 04 Foundation,Not specified,Not specified,All,Liquid,1,Medium,Not specified,Fair to Light,Foundation,Not specified,Regular,Skin,Lakme,250
182,55231,Women,Personal Care,Makeup,Foundation and Primer,Spring,2017.0,Casual,Lakme Perfect Radiance Intense Whitening Ivory Fair Foundation 01,36,6,All,Liquid,1,High,12,Fair to Light,Foundation,Not specified,Regular,Skin,Lakme,450
183,55236,Women,Personal Care,Makeup,Foundation and Primer,Summer,2019.0,Casual,Lakme Invisible Finish 01 Foundation,Not specified,Not specified,All,Liquid,1,Minimal,Not specified,Fair to Light,Foundation,Not specified,Regular,Skin,Lakme,250
184,57753,Women,Personal Care,Makeup,Foundation and Primer,Spring,2017.0,Casual,Lotus Herbals Sand Naturalblend Comfort Liquid Foundation 310,24,12,Normal,Liquid,1,Medium,6,Fair to Light,Foundation,Not specified,Regular,Skin,Lotus Herbals,345
185,56151,Women,Personal Care,Makeup,Kajal and Eyeliner,Spring,2017.0,Casual,Colorbar Kohl Intense Blackened Eye Liner 001,36,Not specified,Not specified,Not specified,1,Not specified,Not specified,Not specified,Pencil,Not specified,Smudge Proof,Black,Colorbar,499
186,56160,Women,Personal Care,Makeup,Kajal and Eyeliner,Spring,2017.0,Casual,Colorbar I-Glide Jaded Eye Pencil 03,36,Not specified,Not specified,Not specified,1,Not specified,Not specified,Not specified,Pencil,Not specified,Smudge Proof,Green,Colorbar,550
187,56194,Women,Personal Care,Makeup,Highlighter and Blush,Spring,2017.0,Casual,Colorbar Blush New Peachy Rose Blusher 004,24,12,Not specified,Cream,1,Not specified,6,Light to Medium,Not specified,Matte,Not specified,Pink,Colorbar,375
188,55523,Women,Personal Care,Makeup,Foundation and Primer,Spring,2017.0,Casual,Revlon Photo Ready Makeup Shell 003,24,12,All,Liquid,1,Medium,6,Fair to Light,Foundation,Not specified,Regular,Skin,Revlon,950
189,55524,Women,Personal Care,Makeup,Highlighter and Blush,Spring,2017.0,Casual,Revlon Skinlights Natural Light Face Illuminator 01,Not specified,Not specified,Not specified,Not specified,Not specified,Not specified,Not specified,Not specified,Not specified,Not specified,Not specified,Skin,Revlon,800
190,56193,Women,Personal Care,Makeup,Highlighter and Blush,Spring,2017.0,Casual,ColorBar Cinnabar Blusher 11,24,12,Not specified,Cream,1,Not specified,6,Light to Medium,Not specified,Matte,Not specified,"Pink, Beige",Colorbar,375
191,56167,Women,Personal Care,Makeup,Kajal and Eyeliner,Summer,2019.0,Casual,Colorbar Precision Waterproof Eye Liner,36,Not specified,Not specified,Not specified,1,Not specified,Not specified,Not specified,Pencil,Not specified,Waterproof,Black,Colorbar,399
192,56158,Women,Personal Care,Makeup,Kajal and Eyeliner,Spring,2017.0,Casual,Colorbar I-Glide Prunella Eye Pencil 05,36,Not specified,Not specified,Not specified,1,Not specified,Not specified,Not specified,Pencil,Not specified,Smudge Proof,Purple,Colorbar,399
193,49110,Women,Personal Care,Makeup,Foundation and Primer,Spring,2017.0,Casual,Deborah New Skin Compact Foundation 01,Not specified,Not specified,All,Not specified,Not specified,Not specified,Not specified,Fair to Light,Not specified,Not specified,Not specified,Skin,Deborah,695
194,56568,Women,Personal Care,Makeup,Foundation and Primer,Spring,2017.0,Casual,Streetwear Shine Divine Whitening Liquid Fawn Foundation,Not specified,Not specified,All,Not specified,Not specified,Not specified,Not specified,Fair to Light,Not specified,Not specified,Not specified,Skin,Streetwear,400
195,55114,Women,Personal Care,Makeup,Compact,Summer,2019.0,Casual,Lakme Absolute White Intense Golden Medium Wet & Dry Compact 03,24,12,Not specified,Not specified,1,Not specified,6,Combination,Pressed,Matte,Not specified,Skin,Lakme,700
196,56133,Women,Personal Care,Makeup,Foundation and Primer,Spring,2017.0,Casual,Colorbar Time Plus Long Stay Dark Beige Foundation 02,24,12,All,Liquid,1,Medium,6,Fair to Light,Foundation,Not specified,Long-Wearing,Beige,Colorbar,450
197,55584,Women,Personal Care,Makeup,Highlighter and Blush,Spring,2017.0,Casual,Revlon Photo Ready Berry Sculpting Blush Palette 03,24,12,Not specified,Cream,1,Not specified,6,Light to Medium,Not specified,Matte,Not specified,"Mauve, Brown, Beige",Revlon,900
198,55548,Women,Personal Care,Makeup,Kajal and Eyeliner,Spring,2017.0,Casual,Revlon Colorstay Green Spark Eye Pencil,36,Not specified,Not specified,Not specified,1,Not specified,Not specified,Not specified,Pencil,Not specified,Smudge Proof,Teal,Revlon,440
199,56134,Women,Personal Care,Makeup,Foundation and Primer,Spring,2017.0,Casual,Colorbar Time Plus Light Beige Long Stay Makeup 01,24,12,All,Liquid,1,Medium,6,Fair to Light,Foundation,Not specified,Long-Wearing,Skin,Colorbar,450
200,49128,Women,Personal Care,Makeup,Concealer,Spring,2017.0,Casual,Deborah Light Beige  24 Ore Perfect Concealer 01,48,Not specified,All,Not specified,Not specified,Not specified,Not specified,Not specified,Not specified,Not specified,Not specified,Beige,Deborah,430
201,55577,Women,Personal Care,Makeup,Compact,Spring,2017.0,Casual,Revlon Touch & Glow Rose Matte Moisturising Powder 64,24,12,Not specified,Not specified,1,Not specified,6,Combination,Pressed,Matte,Not specified,Pink,Revlon,515
202,55113,Women,Personal Care,Makeup,Compact,Summer,2019.0,Casual,Lakme Absolute White Intense Beige Honey Wet & Dry Compact 05,36,6,Not specified,Not specified,1,Not specified,24,Combination,Pressed,Matte,Not specified,Beige,Lakme,700
203,55541,Women,Personal Care,Makeup,Kajal and Eyeliner,Spring,2017.0,Casual,Revlon Colorstay Black Eyeliner,36,Not specified,Not specified,Not specified,1,Not specified,Not specified,Not specified,Pencil,Not specified,Waterproof,Black,Revlon,550
204,55579,Women,Personal Care,Makeup,Compact,Spring,2017.0,Casual,Revlon Touch & Glow Ivory Matte Compact,24,12,Not specified,Not specified,1,Not specified,6,Combination,Pressed,Matte,Not specified,Skin,Revlon,415
205,55546,Women,Personal Care,Makeup,Kajal and Eyeliner,Spring,2017.0,Casual,Revlon Blackest Eyeliner,36,Not specified,Not specified,Not specified,1,Not specified,Not specified,Not specified,Pencil,Not specified,Waterproof,Black,Revlon,560
206,56166,Women,Personal Care,Makeup,Kajal and Eyeliner,Spring,2017.0,Casual,Colorbar I-Define Silver Slate Eye Pencil 001,36,Not specified,Not specified,Not specified,1,Not specified,Not specified,Not specified,Pencil,Not specified,Smudge Proof,Lavender,Colorbar,325
207,56192,Women,Personal Care,Makeup,Compact,Spring,2017.0,Casual,Colorbar Time Plus Ivory Compact 004,24,12,Not specified,Not specified,1,Not specified,6,Combination,Pressed,Matte,Not specified,Skin,Colorbar,200
208,55525,Women,Personal Care,Makeup,Highlighter and Blush,Spring,2017.0,Casual,Revlon Skinlights Golden Light Face Illuminator 02,Not specified,Not specified,Not specified,Not specified,Not specified,Not specified,Not specified,Not specified,Not specified,Not specified,Not specified,Skin,Revlon,750
209,55522,Women,Personal Care,Makeup,Foundation and Primer,Spring,2017.0,Casual,Revlon Photo Ready Nude Makeup 004,24,12,All,Liquid,1,Medium,6,Fair to Light,Foundation,Not specified,Regular,Skin,Revlon,975
210,56195,Women,Personal Care,Makeup,Highlighter and Blush,Spring,2017.0,Casual,ColorBar Fucsia Blush,24,12,Not specified,Cream,1,Not specified,6,Light to Medium,Not specified,Matte,Not specified,Brown,Colorbar,375
211,56157,Women,Personal Care,Makeup,Kajal and Eyeliner,Spring,2017.0,Casual,Colorbar Blackout I-Glide Eye Liner 06,24,12,Not specified,Not specified,1,Not specified,6,Not specified,Pencil,Not specified,Smudge Proof,Black,Colorbar,499
212,56168,Women,Personal Care,Makeup,Kajal and Eyeliner,Spring,2017.0,Casual,Colorbar Color Intense Sizzling Pearl Liquid Eye Liner 011,36,Not specified,Not specified,Not specified,1,Not specified,Not specified,Not specified,Pencil,Not specified,Waterproof,White,Colorbar,350
213,56150,Women,Personal Care,Makeup,Kajal and Eyeliner,Spring,2017.0,Casual,Colorbar Mysterious Blue Eye Liner 002,36,Not specified,Not specified,Not specified,1,Not specified,Not specified,Not specified,Pencil,Not specified,Smudge Proof,Blue,Colorbar,399
214,57875,Women,Personal Care,Makeup,Makeup Remover,Spring,2017.0,,Biotique Bio Almond Oil Soothing Face & Eye Makeup Cleanser,Not specified,Not specified,Not specified,Not specified,Not specified,Not specified,Not specified,Not specified,Not specified,Not specified,Not specified,Green,Biotique,149
215,55578,Women,Personal Care,Makeup,Compact,Spring,2017.0,Casual,Revlon Touch & Glow Ivory Matte Compact 04,24,12,Not specified,Not specified,1,Not specified,6,Combination,Pressed,Matte,Not specified,Skin,Revlon,415
216,55547,Women,Personal Care,Makeup,Kajal and Eyeliner,Spring,2017.0,Casual,Revlon Mauve Spark Colorstay Sparkling Eyeliner,36,Not specified,Not specified,Not specified,1,Not specified,Not specified,Not specified,Pencil,Not specified,Smudge Proof,Purple,Revlon,440
217,55540,Women,Personal Care,Makeup,Eyeshadow,Spring,2017.0,Casual,Revlon Illuminance Copper Coast Creme Shadow 01,24,12,Not specified,Cream,1,Not specified,6,Not specified,Not specified,Glitter,Not specified,"Copper, Beige",Revlon,540
218,55549,Women,Personal Care,Makeup,Kajal and Eyeliner,Spring,2017.0,Casual,Revlon Sparkling Brown Eyeliner,36,Not specified,Not specified,Not specified,1,Not specified,Not specified,Not specified,Pencil,Not specified,Waterproof,Brown,Revlon,440
219,55576,Women,Personal Care,Makeup,Compact,Spring,2017.0,Casual,Revlon Photo Ready Fair / Light Compact 01,24,12,Not specified,Not specified,1,Not specified,6,Combination,Pressed,Matte,Not specified,Skin,Revlon,850
220,49129,Women,Personal Care,Makeup,Concealer,Spring,2017.0,Casual,Deborah Medium Beige 24 Ore Perfect Concealer 4,48,Not specified,All,Not specified,Not specified,Not specified,Not specified,Not specified,Not specified,Not specified,Not specified,Skin,Deborah,675
221,55112,Women,Personal Care,Makeup,Compact,Spring,2017.0,Casual,Lakme Perfect Radiance Intense Whitening 01 Compact,36,6,Not specified,Not specified,1,Not specified,24,Combination,Pressed,Matte,Not specified,Skin,Lakme,210
222,56135,Women,Personal Care,Makeup,Eyeshadow,Spring,2017.0,Casual,Colorbar Black Tie Eye Shadow 010,36,Not specified,Not specified,Pressed Powder,1,Not specified,Not specified,Not specified,Not specified,Glitter,Not specified,Black,Colorbar,300
223,55582,Women,Personal Care,Makeup,Highlighter and Blush,Spring,2017.0,Casual,Revlon Everything Rosy Powder Blush 15,24,12,Not specified,Cream,1,Not specified,6,Light to Medium,Not specified,Matte,Not specified,Peach,Revlon,900
224,56569,Women,Personal Care,Makeup,Foundation and Primer,Spring,2017.0,Casual,Streetwear Shine Divine Whitening Liquid Toast Foundation,Not specified,Not specified,All,Not specified,Not specified,Not specified,Not specified,Fair to Light,Not specified,Not specified,Not specified,Skin,Streetwear,400
225,49111,Women,Personal Care,Makeup,Foundation and Primer,Spring,2017.0,Casual,Deborah New Skin Compact Foundation 02,36,Not specified,All,Not specified,Not specified,Not specified,Not specified,Fair to Light,Not specified,Not specified,Not specified,Skin,Deborah,695
226,55585,Women,Personal Care,Makeup,Highlighter and Blush,Spring,2017.0,Casual,Revlon Photo Ready Peach Sculpting Blush Palette 02,24,12,Not specified,Cream,1,Not specified,6,Light to Medium,Not specified,Matte,Not specified,"Peach, Brown, Beige",Revlon,900
227,55115,Women,Personal Care,Makeup,Compact,Summer,2019.0,Casual,Lakme Absolute White Intense Ivory Fair Wet & Dry Compact 01,36,6,Not specified,Not specified,1,Not specified,12,Combination,Pressed,Matte,Not specified,Skin,Lakme,700
228,56574,Women,Personal Care,Makeup,Foundation and Primer,Spring,2017.0,,Streetwear Stay On Pearl 3 in 1 Make Up,Not specified,Not specified,All,Not specified,Not specified,Not specified,Not specified,Fair to Light,Not specified,Not specified,Not specified,Skin,Streetwear,525
229,55553,Women,Personal Care,Makeup,Kajal and Eyeliner,Spring,2017.0,Casual,Revlon Aqua Blue Eye Pencil 15,36,Not specified,Not specified,Not specified,1,Not specified,Not specified,Not specified,Pencil,Not specified,Smudge Proof,Blue,Revlon,225
230,56580,Women,Personal Care,Makeup,Highlighter and Blush,Spring,2017.0,Casual,Streetwear Crystal Shine Ivory Face Brightener Loose Powder,Not specified,Not specified,Not specified,Not specified,Not specified,Not specified,Not specified,Not specified,Not specified,Not specified,Not specified,Skin,Streetwear,425
231,56573,Women,Personal Care,Makeup,Foundation and Primer,Spring,2017.0,,Streetwear Stay On Mineral Marble Foundation,Not specified,Not specified,All,Not specified,Not specified,Not specified,Not specified,Fair to Light,Not specified,Not specified,Not specified,Skin,Streetwear,625
232,56128,Women,Personal Care,Makeup,Foundation and Primer,Spring,2017.0,Casual,Colorbar Caramel Treat Instant Coverup Foundation 002,24,12,All,Crayon,1,Medium,6,Fair to Light,Foundation,Not specified,Regular,Skin,Colorbar,425
233,56121,Women,Personal Care,Makeup,Kajal and Eyeliner,Spring,2017.0,Casual,Colorbar Indian Eye Kohl Jet Black Kajal 001,36,Not specified,Not specified,Not specified,1,Not specified,Not specified,Not specified,Pencil,Not specified,Smudge Proof,Black,Colorbar,150
234,57804,Women,Personal Care,Makeup,Highlighter and Blush,Spring,2017.0,,Lotus Herbals Tea Rose Botanical Blusher 602,24,12,Not specified,Cream,1,Not specified,6,Light to Medium,Not specified,Matte,Not specified,Rose,Lotus Herbals,375
235,56126,Women,Personal Care,Makeup,Highlighter and Blush,Spring,2017.0,Casual,Colorbar Touch And Blushe Tint of Pink Blusher 001,24,12,Not specified,Cream,1,Not specified,6,Light to Medium,Not specified,Matte,Not specified,Pink,Colorbar,499
236,49105,Women,Personal Care,Makeup,Kajal and Eyeliner,Spring,2017.0,Casual,Deborah Precisione Waterproof Black Eye Liner,48,Not specified,Not specified,Not specified,1,Not specified,Not specified,Not specified,Pencil,Not specified,Waterproof,Black,Deborah,375
237,57803,Women,Personal Care,Makeup,Highlighter and Blush,Spring,2017.0,Casual,Lotus Herbals Natural Blend Raspberry Punch Blusher 603,24,12,Not specified,Cream,1,Not specified,6,Light to Medium,Not specified,Matte,Not specified,Beige,Lotus Herbals,375
238,56172,Women,Personal Care,Makeup,Kajal and Eyeliner,Spring,2017.0,Casual,Colorbar Color Intense Blue Lagoon Liquid Eye Liner 007,36,Not specified,Not specified,Not specified,1,Not specified,Not specified,Not specified,Pencil,Not specified,Smudge Proof,Blue,Colorbar,350
239,55531,Women,Personal Care,Makeup,Foundation and Primer,Spring,2017.0,Casual,Revlon Touch And Glow Ivory Mist Moisturising Make up 08,24,12,All,Liquid,1,Medium,6,Fair to Light,Foundation,Not specified,Regular,Skin,Revlon,215
240,56186,Women,Personal Care,Makeup,Compact,Spring,2017.0,Casual,ColorBar Radiant White UV Fairness Just Beige Compact 004,24,12,Not specified,Not specified,1,Not specified,6,Combination,Pressed,Matte,Not specified,Beige,Colorbar,300
241,49156,Women,Personal Care,Makeup,Highlighter and Blush,Spring,2017.0,,Deborah Peach HiTech Blusher # 59,48,Not specified,Not specified,Cream,1,Not specified,Not specified,Light to Medium,Not specified,Matte,Not specified,Peach,Deborah,625
242,56181,Women,Personal Care,Makeup,Compact,Spring,2017.0,Casual,Colorbar Triple Act Bisque Compact 006,24,12,Not specified,Not specified,1,Not specified,6,Combination,Pressed,Matte,Not specified,Skin,Colorbar,475
243,55536,Women,Personal Care,Makeup,Eyeshadow,Spring,2017.0,Casual,Revlon Custom Eyes Metallic Chic Eye Shadow 025,24,12,Not specified,Pressed Powder,1,Not specified,6,Not specified,Not specified,Glitter,Not specified,Multi,Revlon,695
244,55394,Women,Personal Care,Makeup,Makeup Remover,Spring,2017.0,Casual,Revlon Eye & Lip Makeup Remover,Not specified,Not specified,Not specified,Not specified,Not specified,Not specified,Not specified,Not specified,Not specified,Not specified,Not specified,White,Revlon,260
245,56175,Women,Personal Care,Makeup,Kajal and Eyeliner,Spring,2017.0,Casual,Colorbar Color Intense Copper Haze Liquid Eye Liner 003,36,Not specified,Not specified,Not specified,1,Not specified,Not specified,Not specified,Pencil,Not specified,Smudge Proof,Copper,Colorbar,350
246,49160,Women,Personal Care,Makeup,Foundation and Primer,Spring,2017.0,Casual,Deborah Colour Copy Mat Effect 3 Foundation,36,Not specified,All,Not specified,Not specified,Not specified,Not specified,Fair to Light,Not specified,Not specified,Not specified,Skin,Deborah,595
247,56188,Women,Personal Care,Makeup,Compact,Summer,2019.0,Casual,ColorBar Radiant White UV Fairness Shell Compact 002,24,12,Not specified,Not specified,1,Not specified,6,Combination,Pressed,Matte,Not specified,Skin,Colorbar,300
248,56143,Women,Personal Care,Makeup,Eyeshadow,Spring,2017.0,Casual,Colorbar Turquoise Enchanting Trio Eye Shadow 007,24,12,Not specified,Pressed Powder,1,Not specified,6,Not specified,Not specified,Glitter,Long Lasting,"Turquoise Blue, Blue",Colorbar,550
249,55538,Women,Personal Care,Makeup,Eyeshadow,Spring,2017.0,Casual,Revlon Wild Orchids Illuminance Creme Eye Shadow,24,12,Not specified,Cream,1,Not specified,6,Not specified,Not specified,Glitter,Not specified,Multi,Revlon,540
250,56144,Women,Personal Care,Makeup,Eyeshadow,Spring,2017.0,Casual,Colorbar Seductively Nude Enchanting Trio Eye Shadow,24,12,Not specified,Pressed Powder,1,Not specified,6,Not specified,Not specified,Glitter,Long Lasting,"Nude, Copper",Colorbar,550
251,49158,Women,Personal Care,Makeup,Foundation and Primer,Spring,2017.0,Casual,Deborah Fair Colour Copy Mat Effect 0 Foundation,36,Not specified,All,Not specified,Not specified,Not specified,Not specified,Fair to Light,Not specified,Not specified,Not specified,Skin,Deborah,595
252,56127,Women,Personal Care,Makeup,Foundation and Primer,Spring,2017.0,Casual,Colorbar Almond Coffee Foundation 003,24,12,All,Crayon,1,Medium,6,Fair to Light,Foundation,Not specified,Regular,Skin,Colorbar,425
253,57802,Women,Personal Care,Makeup,Highlighter and Blush,Spring,2017.0,,Lotus Herbals Natural Blend Botanical Brew Ginger Blusher 604,24,12,Not specified,Cream,1,Not specified,6,Light to Medium,Not specified,Matte,Not specified,Brown,Lotus Herbals,375
254,56588,Women,Personal Care,Makeup,Kajal and Eyeliner,Spring,2017.0,Casual,Streetwear Metal-Eyes Copper Glaze Eye Liner,Not specified,Not specified,Not specified,Not specified,1,Not specified,Not specified,Not specified,Pencil,Not specified,Not specified,Copper,Streetwear,340
255,57805,Women,Personal Care,Makeup,Highlighter and Blush,Spring,2017.0,,Lotus Herbals Iced Muave Botanical Blusher 602,24,12,Not specified,Cream,1,Not specified,6,Light to Medium,Not specified,Matte,Not specified,Mauve,Lotus Herbals,375
256,56572,Women,Personal Care,Makeup,Foundation and Primer,Spring,2017.0,,Streetwear Stay On Mineral Natural Foundation,Not specified,Not specified,All,Not specified,Not specified,Not specified,Not specified,Fair to Light,Not specified,Not specified,Not specified,Skin,Streetwear,625
257,56129,Women,Personal Care,Makeup,Concealer,Spring,2017.0,Casual,ColorBar Instant Coverup Stick Apricot Crush Concealer 001,36,12,All,Stick,1,Medium,6,Wheatish,Not specified,Not specified,Not specified,Skin,Colorbar,425
258,56581,Women,Personal Care,Makeup,Highlighter and Blush,Spring,2017.0,,Streetwear Crystal Shine Gold Face Brightener Loose Powder,Not specified,Not specified,Not specified,Not specified,Not specified,Not specified,Not specified,Not specified,Not specified,Not specified,Not specified,Skin,Streetwear,425
259,56575,Women,Personal Care,Makeup,Foundation and Primer,Spring,2017.0,Casual,Streetwear Beige Stay On 3 in 1 Makeup,Not specified,Not specified,All,Not specified,Not specified,Not specified,Not specified,Fair to Light,Not specified,Not specified,Not specified,Skin,Streetwear,525
260,55539,Women,Personal Care,Makeup,Eyeshadow,Spring,2017.0,Casual,Revlon Illuminance Pink Petals Creme Eye Shadow 03,24,12,Not specified,Cream,1,Not specified,6,Not specified,Not specified,Glitter,Not specified,Multi,Revlon,540
261,49159,Women,Personal Care,Makeup,Foundation and Primer,Spring,2017.0,Casual,Deborah Colour Copy Mat Effect 1 Foundation,36,Not specified,All,Not specified,Not specified,Not specified,Not specified,Fair to Light,Not specified,Not specified,Not specified,Skin,Deborah,595
262,56145,Women,Personal Care,Makeup,Eyeshadow,Spring,2017.0,Casual,Colorbar Gorgeous Purple Enchanting Trio Eye Shadow,24,12,Not specified,Pressed Powder,1,Not specified,6,Not specified,Not specified,Glitter,Long Lasting,Purple,Colorbar,550
263,56189,Women,Personal Care,Makeup,Compact,Spring,2017.0,Casual,Colorbar Suede Bloom Compact 007,24,12,Not specified,Not specified,1,Not specified,6,Combination,Pressed,Matte,Not specified,Skin,Colorbar,200
264,49161,Women,Personal Care,Makeup,Foundation and Primer,Spring,2017.0,Casual,Deborah Colour Copy Mat Effect 5 Foundation,36,Not specified,All,Not specified,Not specified,Not specified,Not specified,Fair to Light,Not specified,Not specified,Not specified,Skin,Deborah,595
265,56142,Women,Personal Care,Makeup,Eyeshadow,Spring,2017.0,Casual,Colorbar Gorgeous Gold Eye Shadow 001,24,12,Not specified,Pressed Powder,1,Not specified,6,Not specified,Not specified,Glitter,Not specified,Gold,Colorbar,300
266,55198,Women,Personal Care,Makeup,Makeup Remover,Winter,2016.0,Casual,Lakme Absolute Bi-Phased Make-Up Remover,Not specified,Not specified,Not specified,Not specified,Not specified,Not specified,Not specified,Not specified,Not specified,Not specified,Not specified,Blue,Lakme,225
267,49157,Women,Personal Care,Makeup,Kajal and Eyeliner,Spring,2017.0,,Deborah Precisione Black Eye Liner,48,Not specified,Not specified,Not specified,1,Not specified,Not specified,Not specified,Pencil,Not specified,Not specified,Black,Deborah,375
268,56174,Women,Personal Care,Makeup,Kajal and Eyeliner,Spring,2017.0,Casual,Colorbar Color Intense Heavy Metal Grey Liquid Eye Liner 004,36,Not specified,Not specified,Not specified,1,Not specified,Not specified,Not specified,Pencil,Not specified,Smudge Proof,Grey,Colorbar,350
269,55537,Women,Personal Care,Makeup,Eyeshadow,Spring,2017.0,Casual,Revlon Custom Eyes Naturally Glamorous Eye Shadow 020,24,12,Not specified,Cream,1,Not specified,6,Not specified,Not specified,Glitter,Not specified,Multi,Revlon,695
270,56180,Women,Personal Care,Makeup,Concealer,Spring,2017.0,Casual,Colorbar Soft Ivory Concealer 001,36,12,All,Cream,1,Medium,6,Wheatish,Not specified,Not specified,Not specified,Skin,Colorbar,495
271,56187,Women,Personal Care,Makeup,Compact,Spring,2017.0,Casual,Colorbar Radiant White UV Fairness Sandy Nude Compact 003,24,12,Not specified,Not specified,1,Not specified,6,Combination,Pressed,Matte,Not specified,Skin,Colorbar,300
272,55530,Women,Personal Care,Makeup,Foundation and Primer,Spring,2017.0,Casual,Revlon Touch And Glow Natural Mist Moisturising Make up 09,24,12,All,Liquid,1,Medium,6,Fair to Light,Foundation,Not specified,Regular,Skin,Revlon,225
273,56173,Women,Personal Care,Makeup,Kajal and Eyeliner,Spring,2017.0,Casual,Colorbar Color Intense Green Eyeliner 006,36,Not specified,Not specified,Not specified,1,Not specified,Not specified,Not specified,Pencil,Not specified,Smudge Proof,Green,Colorbar,350
274,57785,Women,Personal Care,Makeup,Compact,Spring,2017.0,,Lotus Herbals Natural Blend Translucent  Sunset Beach Compact Powder 820,24,12,Not specified,Not specified,1,Not specified,6,Combination,Pressed,Matte,Not specified,Gold,Lotus Herbals,445
275,57776,Women,Personal Care,Makeup,Eyeshadow,Spring,2017.0,,Lotus Herbals Maxlid Rose Beach Eye Shadow 537,24,12,Not specified,Pressed Powder,1,Not specified,6,Not specified,Not specified,Glitter,Long Lasting,"Brown, Brown",Lotus Herbals,349
276,57749,Women,Personal Care,Makeup,Foundation and Primer,Spring,2017.0,Casual,Lotus Herbals Natural Blend Comfort Liquid Buff Foundation 320,24,Not specified,All,Not specified,Not specified,Not specified,Not specified,Fair to Light,Not specified,Not specified,Not specified,Skin,Lotus Herbals,380
277,55225,Women,Personal Care,Makeup,Kajal and Eyeliner,Spring,2017.0,Casual,Lakme Women Black Satin Kajal,Not specified,Not specified,Not specified,Not specified,1,Not specified,Not specified,Not specified,Pencil,Not specified,Smudge Proof,Black,Lakme,150
278,57740,Women,Personal Care,Makeup,Foundation and Primer,Spring,2017.0,Casual,Lotus Herbals Pure Radiance Soft Beige Daily Foundation 360,24,12,All,Liquid,1,Medium,6,Fair to Light,Foundation,Not specified,Regular,Skin,Lotus Herbals,245
279,57747,Women,Personal Care,Makeup,Foundation and Primer,Spring,2017.0,,Lotus Herbals Naturalblend Swift Make-up Stick Honey Beige Foundation 710,24,12,All,Crayon,1,Medium,6,Fair to Light,Foundation,Not specified,Regular,Beige,Lotus Herbals,345
280,57778,Women,Personal Care,Makeup,Kajal and Eyeliner,Spring,2017.0,,Lotus Herbals Hypnotica Green Eye Contour Definer,24,Not specified,Not specified,Not specified,1,Not specified,Not specified,Not specified,Pencil,Not specified,Smudge Proof,Green,Lotus Herbals,225
281,55249,Women,Personal Care,Makeup,Foundation and Primer,Spring,2017.0,Casual,Lakme Face Magic Natural Marble Daily Wear Souffle,Not specified,Not specified,All,Cream,1,Medium,Not specified,Fair to Light,Foundation,Not specified,Regular,Skin,Lakme,160
282,55282,Women,Personal Care,Makeup,Highlighter and Blush,Spring,2017.0,Casual,Lakme Cheek Chromatic Night Sheen Blusher,Not specified,Not specified,Not specified,Cream,1,Not specified,Not specified,Light to Medium,Not specified,Matte,Not specified,Brown,Lakme,550
283,55276,Women,Personal Care,Makeup,Concealer,Spring,2017.0,Casual,Lakme Rose Powder With Sunscreen,24,Not specified,All,Cream,1,Medium,Not specified,Wheatish,Not specified,Not specified,Not specified,Skin,Lakme,160
284,55271,Women,Personal Care,Makeup,Kajal and Eyeliner,Spring,2017.0,Casual,Lakme Black Impact Eye Liner,Not specified,Not specified,Not specified,Not specified,1,Not specified,Not specified,Not specified,Pencil,Not specified,Waterproof,Black,Lakme,200
285,55285,Women,Personal Care,Makeup,Highlighter and Blush,Spring,2017.0,Casual,Lakme Gold Dust Shimmer Bronzer,Not specified,Not specified,Not specified,Cream,1,Not specified,Not specified,Light to Medium,Not specified,Matte,Not specified,Bronze,Lakme,450
286,55278,Women,Personal Care,Makeup,Highlighter and Blush,Spring,2017.0,Casual,Lakme Women Pure Rouge Ginger Surprise Blusher,Not specified,Not specified,Not specified,Cream,1,Not specified,Not specified,Light to Medium,Not specified,Matte,Not specified,Rust,Lakme,450
287,55247,Women,Personal Care,Makeup,Foundation and Primer,Spring,2017.0,Casual,Lakme Face Magic Natural Pearl Daily Wear Souffle,Not specified,Not specified,All,Cream,1,Medium,Not specified,Fair to Light,Foundation,Not specified,Regular,Skin,Lakme,160
288,56604,Women,Personal Care,Makeup,Kajal and Eyeliner,Spring,2017.0,Casual,Streetwear Blue Eye Liner 03,Not specified,Not specified,Not specified,Not specified,1,Not specified,Not specified,Not specified,Pencil,Not specified,Not specified,Blue,Streetwear,175
289,56603,Women,Personal Care,Makeup,Kajal and Eyeliner,Spring,2017.0,Casual,Streetwear Eye Definer Blue Eye Liner 07,Not specified,Not specified,Not specified,Not specified,1,Not specified,Not specified,Not specified,Pencil,Not specified,Not specified,Blue,Streetwear,165
290,55240,Women,Personal Care,Makeup,Foundation and Primer,Spring,2017.0,Casual,Lakme Perfecting Natural Coral Liquid Foundation,24,6,All,Liquid,1,Medium,24,Fair to Light,Foundation,Not specified,Regular,Skin,Lakme,150
291,57746,Women,Personal Care,Makeup,Foundation and Primer,Spring,2017.0,,Lotus Herbals Natural Blend Swift Make-up Stick Foundation 720,24,12,All,Crayon,1,Medium,6,Fair to Light,Foundation,Not specified,Regular,Beige,Lotus Herbals,375
292,57779,Women,Personal Care,Makeup,Kajal and Eyeliner,Spring,2017.0,,Lotus Herbals Sapphire Hypnotica Eye Contour Definer,24,Not specified,Not specified,Not specified,1,Not specified,Not specified,Not specified,Pencil,Not specified,Smudge Proof,Blue,Lotus Herbals,225
293,57741,Women,Personal Care,Makeup,Foundation and Primer,Spring,2017.0,Casual,Lotus Herbals Pure Radiance Fresh Ivory Daily Foundation 350,24,12,All,Liquid,1,Medium,6,Fair to Light,Foundation,Not specified,Regular,Skin,Lotus Herbals,245
294,57777,Women,Personal Care,Makeup,Eyeshadow,Spring,2017.0,,Lotus Herbals Maxlid Coco Fudge Eye Shadow,24,12,Not specified,Pressed Powder,1,Not specified,6,Not specified,Not specified,Glitter,Not specified,Brown,Lotus Herbals,349
295,57784,Women,Personal Care,Makeup,Compact,Spring,2017.0,,Lotus Herbals Natural Blend Translucent Rouge Lustre Compact Powder 840,24,12,Not specified,Not specified,1,Not specified,6,Combination,Loose,Matte,Not specified,Peach,Lotus Herbals,375
296,55241,Women,Personal Care,Makeup,Foundation and Primer,Spring,2017.0,Casual,Lakme Perfecting Natural Shell Liquid Foundation,24,Not specified,All,Liquid,1,Medium,Not specified,Fair to Light,Foundation,Not specified,Regular,Skin,Lakme,150
297,56602,Women,Personal Care,Makeup,Kajal and Eyeliner,Spring,2017.0,Casual,Streetwear Eye Definer Black Eye Liner 08,Not specified,Not specified,Not specified,Not specified,1,Not specified,Not specified,Not specified,Pencil,Not specified,Not specified,Black,Streetwear,165
298,56605,Women,Personal Care,Makeup,Kajal and Eyeliner,Spring,2017.0,,Streetwear Black Eye Liner 01,Not specified,Not specified,Not specified,Not specified,1,Not specified,Not specified,Not specified,Pencil,Not specified,Not specified,Black,Streetwear,199
299,55080,Women,Personal Care,Makeup,Compact,Spring,2017.0,Casual,Lakme Pearl Nine to Five Flawless Creme Compact,Not specified,Not specified,Not specified,Not specified,1,Not specified,Not specified,Combination,Pressed,Matte,Not specified,Skin,Lakme,650
300,55246,Women,Personal Care,Makeup,Foundation and Primer,Spring,2017.0,Casual,Lakme Pearl Silk Naturelle Daily Foundation,Not specified,Not specified,All,Not specified,Not specified,Not specified,Not specified,Fair to Light,Not specified,Not specified,Not specified,Skin,Lakme,350
301,55074,Women,Personal Care,Makeup,Kajal and Eyeliner,Spring,2017.0,Casual,Lakme Glide On Aqua Green Eye Color,Not specified,Not specified,Not specified,Not specified,1,Not specified,Not specified,Not specified,Pencil,Not specified,Smudge Proof,Sea Green,Lakme,275
302,55284,Women,Personal Care,Makeup,Highlighter and Blush,Spring,2017.0,Casual,Lakme Cheek Chromatic Day Sheer Blusher,36,6,Not specified,Cream,1,Not specified,12,Light to Medium,Not specified,Matte,Not specified,Bronze,Lakme,550
303,55270,Women,Personal Care,Makeup,Kajal and Eyeliner,Summer,2019.0,Casual,Lakme Insta-Liner,Not specified,Not specified,Not specified,Not specified,1,Not specified,Not specified,Not specified,Pencil,Not specified,Waterproof,Black,Lakme,110
304,55248,Women,Personal Care,Makeup,Foundation and Primer,Spring,2017.0,Casual,Lakme Face Magic Natural Shell Daily Wear Souffle,Not specified,Not specified,All,Cream,1,Medium,Not specified,Fair to Light,Foundation,Not specified,Regular,Skin,Lakme,160
305,55277,Women,Personal Care,Makeup,Highlighter and Blush,Spring,2017.0,Casual,Lakme Women Pure Rouge Rose Crush Blusher,Not specified,Not specified,Not specified,Cream,1,Not specified,Not specified,Light to Medium,Not specified,Matte,Not specified,Pink,Lakme,450
306,55283,Women,Personal Care,Makeup,Highlighter and Blush,Spring,2017.0,Casual,Lakme Absolute Cheek Chromatic Day Blushes Blusher,Not specified,Not specified,Not specified,Cream,1,Not specified,Not specified,Light to Medium,Not specified,Matte,Not specified,Pink,Lakme,550
