,id,gender,masterCategory,subCategory,articleType,season,year,usage,productDisplayName,Total Shelf Life in Months,Minimum Usable Period in Months,Features,Finish,Units Per Bundle,Coverage,Colour,Brand,Price
0,56489,Women,Personal Care,Nails,Nail Polish,Spring,2017.0,,Streetwear Ash Nail Polish # 31,Not specified,Not specified,Not specified,Not specified,Not specified,Not specified,"Bronze, Brown",Streetwear,110
1,56473,Women,Personal Care,Nails,Nail Polish,Spring,2017.0,Casual,Streetwear Grape Shimmer Nail Polish 41,Not specified,Not specified,Not specified,Not specified,Not specified,Not specified,Purple,Streetwear,110
2,56474,Women,Personal Care,Nails,Nail Polish,Spring,2017.0,,Streetwear Fiery Femme Nail Polish # 18,Not specified,Not specified,Not specified,Not specified,Not specified,Not specified,Red,Streetwear,110
3,56480,Women,Personal Care,Nails,Nail Polish,Spring,2017.0,Casual,Streetwear Chocolat Nail Polish 20,Not specified,Not specified,Not specified,Not specified,Not specified,Not specified,Brown,Streetwear,110
4,55894,Women,Personal Care,Nails,Nail Polish,Spring,2017.0,Casual,Colorbar Blue Lagoon Nail Lacquer 05,36,24,Regular,Glossy,1,Opaque,Blue,Colorbar,150
5,55860,Women,Personal Care,Nails,Nail Polish,Spring,2017.0,Casual,Colorbar Pro Dazzling Mauve Nail Lacquer 008,36,24,Regular,Glossy,1,Opaque,Lavender,Colorbar,400
6,55858,Women,Personal Care,Nails,Nail Polish,Spring,2017.0,Casual,Colorbar Pro Flirt Nail Lacquer 013,36,24,Regular,Glossy,1,Opaque,Brown,Colorbar,400
7,55867,Women,Personal Care,Nails,Nail Polish,Spring,2017.0,Casual,Colorbar Oh My Magenta 2 Nail Lacquer 85V,36,24,Regular,Glossy,1,Opaque,Pink,Colorbar,175
8,55893,Women,Personal Care,Nails,Nail Polish,Spring,2017.0,Casual,Colorbar Apple Martini Nail Lacquer 06,36,24,Regular,Glossy,1,Opaque,Green,Colorbar,150
9,55851,Women,Personal Care,Nails,Nail Polish,Spring,2017.0,Casual,Colorbar Pro Magnificent Sea Nail Lacquer 037,36,Not specified,Regular,Glossy,1,Opaque,Blue,Colorbar,350
10,55869,Women,Personal Care,Nails,Nail Polish,Spring,2017.0,Casual,Colorbar All Fired Up 2 Nail Lacquer 83V,36,24,Regular,Glossy,1,Opaque,Red,Colorbar,175
11,55856,Women,Personal Care,Nails,Nail Polish,Spring,2017.0,Casual,Colorbar Pro Rosie Nail Lacquer 015,36,Not specified,Regular,Glossy,1,Opaque,Red,Colorbar,400
12,56481,Women,Personal Care,Nails,Nail Polish,Spring,2017.0,Casual,Streetwear Bride's Delight Nail Polish 52,Not specified,Not specified,Not specified,Not specified,Not specified,Not specified,Maroon,Streetwear,110
13,56475,Women,Personal Care,Nails,Nail Polish,Spring,2017.0,Casual,Streetwear Delight Nail Polish 22,Not specified,Not specified,Not specified,Not specified,Not specified,Not specified,Beige,Streetwear,90
14,56472,Women,Personal Care,Nails,Nail Polish,Spring,2017.0,,Streetwear Icy Blue Nail Polish # 68,Not specified,Not specified,Not specified,Not specified,Not specified,Not specified,Blue,Streetwear,110
15,56486,Women,Personal Care,Nails,Nail Polish,Spring,2017.0,,Streetwear Berry Shine Nail Polish # 79,Not specified,Not specified,Not specified,Not specified,Not specified,Not specified,Red,Streetwear,110
16,56444,Women,Personal Care,Nails,Nail Polish,Spring,2017.0,Casual,Streetwear Shine Divine Cherry Divine Nail Enamel 16,Not specified,Not specified,Not specified,Not specified,Not specified,Not specified,Red,Streetwear,130
17,56488,Women,Personal Care,Nails,Nail Polish,Spring,2017.0,Casual,Streetwear Barbie Pink Nail Polish 40,Not specified,Not specified,Not specified,Not specified,Not specified,Not specified,White,Streetwear,95
18,56443,Women,Personal Care,Nails,Nail Polish,Spring,2017.0,Casual,Streetwear Shine Divine Chocolate Divine Nail Enamel 12,Not specified,Not specified,Not specified,Not specified,Not specified,Not specified,Brown,Streetwear,130
19,55868,Women,Personal Care,Nails,Nail Polish,Spring,2017.0,Casual,Colorbar Fushia Fix 2 Nail Lacquer 84,36,24,Regular,Glossy,1,Opaque,Pink,Colorbar,175
20,55857,Women,Personal Care,Nails,Nail Polish,Spring,2017.0,Casual,Colorbar Pro Kiss Me Darling Nail Lacquer 014,36,Not specified,Regular,Glossy,1,Opaque,Red,Colorbar,400
21,55850,Women,Personal Care,Nails,Nail Polish,Spring,2017.0,Casual,Colorbar Pro Sunset Nail Lacquer 0380,36,Not specified,Regular,Glossy,1,Opaque,Orange,Colorbar,400
22,55859,Women,Personal Care,Nails,Nail Polish,Spring,2017.0,Casual,Colorbar Pro Baby Nail Lacquer 011,36,24,Regular,Glossy,1,Opaque,Pink,Colorbar,400
23,55892,Women,Personal Care,Nails,Nail Polish,Spring,2017.0,Casual,Colorbar Exclusive Nail Lacquer 03,36,24,Regular,Glossy,1,Opaque,Lavender,Colorbar,175
24,55866,Women,Personal Care,Nails,Nail Polish,Spring,2017.0,Casual,Colorbar Turquoise Nail Lacquer 88,36,Not specified,Regular,Glossy,1,Opaque,Blue,Colorbar,175
25,55861,Women,Personal Care,Nails,Nail Polish,Spring,2017.0,Casual,Colorbar Moss Agate Nail Lacquer 93,36,24,Regular,Glossy,1,Opaque,Green,Colorbar,175
26,55895,Women,Personal Care,Nails,Nail Polish,Spring,2017.0,Casual,Colorbar Rasmopolitan Nail Lacquer 03,36,Not specified,Regular,Glossy,1,Opaque,Pink,Colorbar,150
27,55913,Women,Personal Care,Nails,Nail Polish,Spring,2017.0,Casual,Colorbar Top Coat Nail Lacquer 69,36,Not specified,Regular,Glossy,1,Opaque,Bronze,Colorbar,110
28,57647,Women,Personal Care,Nails,Nail Polish,Spring,2017.0,,Lotus Herbals Colour Dew Dark Champagne Nail Polish 88,24,Not specified,Regular,Glossy,1,Opaque,Brown,Lotus Herbals,120
29,55128,Women,Personal Care,Nails,Nail Polish,Spring,2017.0,Casual,Lakme Truewear Color Crush Nail Polish 12,Not specified,Not specified,Not specified,Not specified,Not specified,Not specified,Pink,Lakme,150
30,55914,Women,Personal Care,Nails,Nail Polish,Spring,2017.0,Casual,Colorbar Earthen Rose Nail Lacquer 68,36,24,Regular,Glossy,1,Opaque,Brown,Colorbar,110
31,57640,Women,Personal Care,Nails,Nail Polish,Spring,2017.0,,Lotus Herbals Colour Dew Bronze Rain Nail Polish 914,24,Not specified,Regular,Glossy,1,Opaque,Bronze,Lotus Herbals,120
32,55922,Women,Personal Care,Nails,Nail Polish,Spring,2017.0,Casual,Colorbar Vibrant Nail Lacquer 53,36,Not specified,Regular,Glossy,1,Opaque,Red,Colorbar,110
33,57649,Women,Personal Care,Nails,Nail Polish,Spring,2017.0,,Lotus Herbals Colour Dew Deep Sea Nail Polish 86,24,Not specified,Regular,Glossy,1,Opaque,Blue,Lotus Herbals,120
34,49125,Women,Personal Care,Nails,Nail Polish,Spring,2017.0,Casual,Deborah Shine Tech Ruibes Nail Polish 34,Not specified,Not specified,Not specified,Not specified,Not specified,Not specified,Pink,Deborah,250
35,55121,Women,Personal Care,Nails,Nail Polish,Spring,2017.0,Casual,Lakme Truewear Color Crush 19 Nail Polish,24,Not specified,Strengthening,Glossy,1,Opaque,Peach,Lakme,155
36,55925,Women,Personal Care,Nails,Nail Polish,Spring,2017.0,Casual,Colorbar Flirty Mauve Nail Lacquer 49,36,24,Regular,Glossy,1,Opaque,Mauve,Colorbar,110
37,57671,Women,Personal Care,Nails,Nail Polish,Spring,2017.0,Casual,Lotus Herbals Make-Up Colour Dew Ice Cube Nail Enamel 903,24,Not specified,Regular,Glossy,1,Opaque,Silver,Lotus Herbals,130
38,55126,Women,Personal Care,Nails,Nail Polish,Spring,2017.0,Casual,Lakme Truewear Color Crush Nail Polish 14,36,6,Regular,Matte,1,Opaque,Pink,Lakme,155
39,55186,Women,Personal Care,Nails,Nail Polish,Spring,2017.0,Casual,Lakme Absolute Fast & Fabulous Purple Potion Lavender Nail Polish 11,Not specified,Not specified,Not specified,Not specified,Not specified,Not specified,Lavender,Lakme,200
40,55172,Women,Personal Care,Nails,Nail Polish,Spring,2017.0,Casual,Lakme Absolute Fast & Fabulous Crimson Crush Magenta Nail Polish 25,Not specified,Not specified,Not specified,Not specified,Not specified,Not specified,Magenta,Lakme,200
41,55949,Women,Personal Care,Nails,Nail Polish,Spring,2017.0,Casual,Colorbar Nail Lacquer 08,36,24,Regular,Glossy,1,Opaque,Maroon,Colorbar,110
42,55175,Women,Personal Care,Nails,Nail Polish,Spring,2017.0,Casual,Lakme Absolute Fast & Fabulous Wicked Pink Nail Polish 22,Not specified,Not specified,Not specified,Not specified,Not specified,Not specified,Pink,Lakme,200
43,55181,Women,Personal Care,Nails,Nail Polish,Spring,2017.0,Casual,Lakme Absolute Fast & Fabulous Pearl Pink Nail Polish 16,Not specified,Not specified,Not specified,Not specified,Not specified,Not specified,Pink,Lakme,200
44,55378,Women,Personal Care,Nails,Nail Polish,Spring,2017.0,Casual,Revlon Lilac Mist Nail Polish 322,Not specified,Not specified,Not specified,Not specified,Not specified,Not specified,Silver,Revlon,140
45,55143,Women,Personal Care,Nails,Nail Polish,Spring,2017.0,Casual,Lakme Truewear Color Crush 22 Nail Polish,24,Not specified,Strengthening,Glossy,1,Opaque,Pink,Lakme,160
46,55385,Women,Personal Care,Nails,Nail Polish,Spring,2017.0,Casual,Revlon Tuscan Sun Nail Polish 314,Not specified,Not specified,Not specified,Not specified,Not specified,Not specified,Red,Revlon,225
47,56500,Women,Personal Care,Nails,Nail Polish,Spring,2017.0,,Streetwear Quick Dry Ethreal Nail Polish 06,Not specified,Not specified,Not specified,Not specified,Not specified,Not specified,Bronze,Streetwear,150
48,49147,Women,Personal Care,Nails,Nail Polish,Spring,2017.0,,Deborah 7 Days Long Violet Nail Polish 831,Not specified,Not specified,Not specified,Not specified,Not specified,Not specified,Purple,Deborah,230
49,55940,Women,Personal Care,Nails,Nail Polish,Spring,2017.0,Casual,Colorbar Autumn Rose Nail Lacquer 20,36,24,Regular,Glossy,1,Opaque,Pink,Colorbar,110
50,55382,Women,Personal Care,Nails,Nail Polish,Spring,2017.0,Casual,Revlon Silver Shower Nail Polish 317,36,24,Regular,Glossy,1,Opaque,Silver,Revlon,160
51,55376,Women,Personal Care,Nails,Nail Polish,Spring,2017.0,Casual,Revlon Ooh La La Lilac Nail Polish 324,Not specified,Not specified,Not specified,Not specified,Not specified,Not specified,White,Revlon,160
52,55144,Women,Personal Care,Nails,Nail Polish,Summer,2019.0,Casual,Lakme Truewear Color Crush Nail Polish 21,24,Not specified,Regular,Glossy,1,Opaque,Pink,Lakme,155
53,55947,Women,Personal Care,Nails,Nail Polish,Spring,2017.0,Casual,Colorbar Gold Dust Nail Lacquer 10,36,24,Regular,Glossy,1,Opaque,Gold,Colorbar,110
54,55924,Women,Personal Care,Nails,Nail Polish,Spring,2017.0,Casual,Colorbar Windsor Rose Nail Lacquer 51,36,Not specified,Regular,Glossy,1,Opaque,Pink,Colorbar,110
55,57670,Women,Personal Care,Nails,Nail Polish,Spring,2017.0,,Lotus Herbals Colour Dew Toffee Nail Polish 910,24,Not specified,Regular,Glossy,1,Opaque,Brown,Lotus Herbals,110
56,55127,Women,Personal Care,Nails,Nail Polish,Spring,2017.0,Casual,Lakme Truewear Color Crush Nail Polish 13,Not specified,Not specified,Not specified,Not specified,Not specified,Not specified,Purple,Lakme,155
57,55923,Women,Personal Care,Nails,Nail Polish,Spring,2017.0,Casual,Colorbar Blooming Magenta Nail Lacquer 52,36,24,Regular,Glossy,1,Opaque,Magenta,Colorbar,110
58,55120,Women,Personal Care,Nails,Nail Polish,Spring,2017.0,Casual,Lakme Truewear Color Crush Nail Polish 20,Not specified,Not specified,Not specified,Not specified,Not specified,Not specified,Pink,Lakme,150
59,55915,Women,Personal Care,Nails,Nail Polish,Spring,2017.0,Casual,Colorbar Steel Etto Nail Lacquer 64,36,Not specified,Regular,Glossy,1,Opaque,Silver,Colorbar,110
60,55129,Women,Personal Care,Nails,Nail Polish,Spring,2017.0,Casual,Lakme Truewear Color Crush 11 Nail Polish,24,Not specified,Strengthening,Glossy,1,Opaque,Pink,Lakme,160
61,55912,Women,Personal Care,Nails,Nail Polish,Spring,2017.0,Casual,Colorbar Crystal Calm Nail Lacquer 70,36,24,Regular,Glossy,1,Opaque,Silver,Colorbar,110
62,57646,Women,Personal Care,Nails,Nail Polish,Spring,2017.0,,Lotus Herbals Colour Dew Playfull Pink Nail Polish 89,24,Not specified,Regular,Glossy,1,Opaque,Pink,Lotus Herbals,110
63,55145,Women,Personal Care,Nails,Nail Polish,Spring,2017.0,Casual,Lakme True Wear Metallics Nail Polish 241,Not specified,Not specified,Not specified,Not specified,Not specified,Not specified,Metallic,Lakme,100
64,55377,Women,Personal Care,Nails,Nail Polish,Spring,2017.0,Casual,Revlon Lavender Nail Enamel 323,Not specified,Not specified,Not specified,Not specified,Not specified,Not specified,Pink,Revlon,140
65,55383,Women,Personal Care,Nails,Nail Polish,Spring,2017.0,Casual,Revlon Dazzling Dust Nail Polish 316,Not specified,Not specified,Not specified,Not specified,Not specified,Not specified,Metallic,Revlon,140
66,55946,Women,Personal Care,Nails,Nail Polish,Spring,2017.0,Casual,Colorbar Brandy Nail Lacquer 11,36,24,Regular,Glossy,1,Opaque,Brown,Colorbar,110
67,55384,Women,Personal Care,Nails,Nail Polish,Spring,2017.0,Casual,Revlon Plum Deluxe Nail Enamel 315,Not specified,Not specified,Not specified,Not specified,Not specified,Not specified,Purple,Revlon,225
68,56501,Women,Personal Care,Nails,Nail Polish,Spring,2017.0,,Streetwear Boutique Bronze Nail Polish 05,Not specified,Not specified,Not specified,Not specified,Not specified,Not specified,Bronze,Streetwear,150
69,55370,Women,Personal Care,Nails,Nail Polish,Spring,2017.0,Casual,Revlon Iced Mauve Nail Polish 333,Not specified,Not specified,Not specified,Not specified,Not specified,Not specified,Pink,Revlon,225
70,55142,Women,Personal Care,Nails,Nail Polish,Spring,2017.0,Casual,Lakme Truewear Color Crush 23 Nail Polish,24,6,Strengthening,Glossy,1,Opaque,Red,Lakme,155
71,49146,Women,Personal Care,Nails,Nail Polish,Spring,2017.0,,Deborah Sense Tech Mat Green Nail Polish 04,Not specified,Not specified,Not specified,Not specified,Not specified,Not specified,Green,Deborah,250
72,55941,Women,Personal Care,Nails,Nail Polish,Spring,2017.0,Casual,Colorbar Whisper Pink Nail Lacquer 18,36,Not specified,Regular,Glossy,1,Opaque,Pink,Colorbar,110
73,55180,Women,Personal Care,Nails,Nail Polish,Spring,2017.0,Casual,Lakme Absolute Fast & Fabulous Popping Pink Nail Polish 17,Not specified,Not specified,Not specified,Not specified,Not specified,Not specified,Pink,Lakme,200
74,55948,Women,Personal Care,Nails,Nail Polish,Spring,2017.0,Casual,Colorbar Icy Silver Nail Lacquer 09,36,24,Regular,Glossy,1,Opaque,Silver,Colorbar,110
75,55379,Women,Personal Care,Nails,Nail Polish,Spring,2017.0,Casual,Revlon Purple Passion Nail Polish 321,Not specified,Not specified,Not specified,Not specified,Not specified,Not specified,Purple,Revlon,140
76,55173,Women,Personal Care,Nails,Nail Polish,Spring,2017.0,Casual,Lakme Absolute Fast & Fabulous Crimson Fire Nail Polish 24,Not specified,Not specified,Not specified,Not specified,Not specified,Not specified,Red,Lakme,200
77,55187,Women,Personal Care,Nails,Nail Polish,Spring,2017.0,Casual,Lakme Absolute Fast & Fabulous 10 Purple Nail Polish,Not specified,Not specified,Not specified,Not specified,Not specified,Not specified,Purple,Lakme,200
78,57639,Women,Personal Care,Nails,Nail Polish,Spring,2017.0,Casual,Lotus Herbals Make-Up Colour Dew Desert Drizzle Nail Enamel 915,24,Not specified,Regular,Glossy,1,Opaque,Brown,Lotus Herbals,120
79,55952,Women,Personal Care,Nails,Nail Polish,Spring,2017.0,Casual,Colorbar Love Nail Lacquer 04,36,24,Regular,Glossy,1,Opaque,Red,Colorbar,110
80,55363,Women,Personal Care,Nails,Nail Polish,Spring,2017.0,Casual,Revlon Craving Coral Nail Polish 369,Not specified,Not specified,Not specified,Not specified,Not specified,Not specified,Red,Revlon,140
81,55151,Women,Personal Care,Nails,Nail Polish,Spring,2017.0,Casual,Lakme True Wear Freespirit Nail Polish N237,Not specified,Not specified,Not specified,Not specified,Not specified,Not specified,Pink,Lakme,115
82,55955,Women,Personal Care,Nails,Nail Polish,Spring,2017.0,Casual,Colorbar Old Flame Nail Lacquer 01,36,24,Regular,Glossy,1,Opaque,Red,Colorbar,110
83,55390,Women,Personal Care,Nails,Nail Polish,Spring,2017.0,Casual,Revlon Really Rosy Nail Polish 308,Not specified,Not specified,Not specified,Not specified,Not specified,Not specified,Rose,Revlon,160
84,55156,Women,Personal Care,Nails,Nail Polish,Spring,2017.0,Casual,Lakme True Wear Wildflower Mauve Nail Polish 202,Not specified,Not specified,Not specified,Not specified,Not specified,Not specified,Mauve,Lakme,115
85,55364,Women,Personal Care,Nails,Nail Polish,Spring,2017.0,Casual,Revlon Fuchsia Fever Nail Polish 368,Not specified,Not specified,Not specified,Not specified,Not specified,Not specified,Pink,Revlon,160
86,55194,Women,Personal Care,Nails,Nail Polish,Spring,2017.0,Casual,Lakme Absolute Fast & Fabulous Night Desire Nail Polish 03,Not specified,Not specified,Not specified,Not specified,Not specified,Not specified,Black,Lakme,200
87,57637,Women,Personal Care,Nails,Nail Polish,Spring,2017.0,Casual,Lotus Herbals Fuschia Drop Nail Polish 949,24,Not specified,Regular,Glossy,1,Opaque,Pink,Lotus Herbals,130
88,55160,Women,Personal Care,Nails,Nail Polish,Spring,2017.0,Casual,Lakme True Wear Classics Red Allure Nail Polish 402,Not specified,Not specified,Not specified,Not specified,Not specified,Not specified,Red,Lakme,100
89,55158,Women,Personal Care,Nails,Nail Polish,Spring,2017.0,Casual,Lakme True Wear Classics Siren Red Nail Polish 404,Not specified,Not specified,Not specified,Not specified,Not specified,Not specified,Red,Lakme,115
90,55133,Women,Personal Care,Nails,Nail Polish,Spring,2017.0,Casual,Lakme Truewear Color Crush Nail Polish 07,Not specified,Not specified,Not specified,Not specified,Not specified,Not specified,Orange,Lakme,155
91,57664,Women,Personal Care,Nails,Nail Polish,Spring,2017.0,Casual,Lotus Herbals Colour Dew Mahogany Nail Polish 943,36,24,Regular,Glossy,1,Opaque,Brown,Lotus Herbals,120
92,49108,Women,Personal Care,Nails,Nail Polish,Spring,2017.0,Casual,Deborah Shine Tech Black Nail Polish 30,Not specified,Not specified,Not specified,Not specified,Not specified,Not specified,Black,Deborah,250
93,55930,Women,Personal Care,Nails,Nail Polish,Spring,2017.0,Casual,Colorbar Extrovert Nail Lacquer 40,36,24,Regular,Glossy,1,Opaque,Pink,Colorbar,110
94,55134,Women,Personal Care,Nails,Nail Polish,Spring,2017.0,Casual,Lakme Truewear Color Crush 06 Nail Polish,24,Not specified,Strengthening,Glossy,1,Opaque,Green,Lakme,155
95,55937,Women,Personal Care,Nails,Nail Polish,Spring,2017.0,Casual,Colorbar Sizzling Pink Nail Lacquer 24,36,Not specified,Regular,Glossy,1,Opaque,Pink,Colorbar,110
96,49130,Women,Personal Care,Nails,Nail Polish,Spring,2017.0,Casual,Deborah 7 Days Long Light Purple Nail Polish 827,Not specified,Not specified,Not specified,Not specified,Not specified,Not specified,Lavender,Deborah,230
97,57655,Women,Personal Care,Nails,Nail Polish,Spring,2017.0,Casual,Lotus Herbals Luscious Berry Nail Polish 93,24,Not specified,Regular,Glossy,1,Opaque,Brown,Lotus Herbals,110
98,49106,Women,Personal Care,Nails,Nail Polish,Spring,2017.0,Casual,Deborah Shine Tech Cranbe Pink Nail Polish 28,Not specified,Not specified,Not specified,Not specified,Not specified,Not specified,Pink,Deborah,250
99,55901,Women,Personal Care,Nails,Nail Polish,Spring,2017.0,Casual,Colorbar Quick Finish Nail Lacquer 17,36,Not specified,Regular,Glossy,1,Opaque,Pink,Colorbar,210
100,57652,Women,Personal Care,Nails,Nail Polish,Spring,2017.0,,Lotus Herbals Colour Dew Orchid Pearl Nail Polish 96,24,Not specified,Regular,Glossy,1,Opaque,Purple,Lotus Herbals,110
101,55939,Women,Personal Care,Nails,Nail Polish,Spring,2017.0,Casual,Colorbar Mulberry Nail Lacquer 21,36,24,Regular,Glossy,1,Opaque,Brown,Colorbar,110
102,55906,Women,Personal Care,Nails,Nail Polish,Spring,2017.0,Casual,Colorbar Toast to Pink Nail Lacquer 12,36,Not specified,Regular,Glossy,1,Opaque,"Pink, Peach",Colorbar,210
103,55159,Women,Personal Care,Nails,Nail Polish,Spring,2017.0,Casual,Lakme True Wear Classics Deep Blush Maroon Nail Polish 403,Not specified,Not specified,Not specified,Not specified,Not specified,Not specified,Maroon,Lakme,115
104,55192,Women,Personal Care,Nails,Nail Polish,Spring,2017.0,Casual,Lakme Absolute Fast & Fabulous Aqua Blaze Nail Polish 05,Not specified,Not specified,Not specified,Not specified,Not specified,Not specified,Blue,Lakme,200
105,57631,Women,Personal Care,Nails,Nail Polish,Spring,2017.0,Casual,Lotus Herbals Wine Lust Nail Polish 970,24,Not specified,Regular,Glossy,1,Opaque,Maroon,Lotus Herbals,120
106,55166,Women,Personal Care,Nails,Nail Polish,Spring,2017.0,Casual,Lakme True Wear Freespirit Nail Polish N231,Not specified,Not specified,Not specified,Not specified,Not specified,Not specified,Pink,Lakme,100
107,55354,Women,Personal Care,Nails,Nail Polish,Spring,2017.0,Casual,Revlon Sand Mist Nail Polish 394,Not specified,Not specified,Not specified,Not specified,Not specified,Not specified,Beige,Revlon,140
108,57636,Women,Personal Care,Nails,Nail Polish,Spring,2017.0,Casual,Lotus Herbals Women Pink Bliss Nail Polish 950,24,Not specified,Regular,Glossy,1,Opaque,Pink,Lotus Herbals,120
109,55161,Women,Personal Care,Nails,Nail Polish,Spring,2017.0,Casual,Lakme True Wear Classics Berry Wine Nail Polish 401,Not specified,Not specified,Not specified,Not specified,Not specified,Not specified,Maroon,Lakme,115
110,55195,Women,Personal Care,Nails,Nail Polish,Spring,2017.0,Casual,Lakme Absolute Fast & Fabulous Gold Caramel Nail Polish 02,Not specified,Not specified,Not specified,Not specified,Not specified,Not specified,Gold,Lakme,200
111,55954,Women,Personal Care,Nails,Nail Polish,Spring,2017.0,Casual,Colorbar Valentino Nail Lacquer 02,36,Not specified,Regular,Glossy,1,Opaque,Maroon,Colorbar,110
112,55168,Women,Personal Care,Nails,Nail Polish,Spring,2017.0,Casual,Lakme Absolute Fast & Fabulous Silver Cloud Nail Polish 29,Not specified,Not specified,Not specified,Not specified,Not specified,Not specified,Silver,Lakme,200
113,55365,Women,Personal Care,Nails,Nail Polish,Spring,2017.0,Casual,Revlon Mushy Mauve Nail Polish 356,Not specified,Not specified,Not specified,Not specified,Not specified,Not specified,Gold,Revlon,160
114,55157,Women,Personal Care,Nails,Nail Polish,Spring,2017.0,Casual,Lakme True Wear Classics Ruby Red Nail Polish 405,Not specified,Not specified,Not specified,Not specified,Not specified,Not specified,Red,Lakme,100
115,55391,Women,Personal Care,Nails,Nail Polish,Spring,2017.0,Casual,Revlon Sheer Heaven Nail Polish 305,Not specified,Not specified,Not specified,Not specified,Not specified,Not specified,White,Revlon,140
116,57638,Women,Personal Care,Nails,Nail Polish,Spring,2017.0,Casual,Lotus Herbals Colour Dew Cranberry Star Nail Enamel 922,24,Not specified,Regular,Glossy,1,Opaque,Purple,Lotus Herbals,120
117,55953,Women,Personal Care,Nails,Nail Polish,Spring,2017.0,Casual,Colorbar Shy Rose Nail Lacquer 03,36,Not specified,Regular,Glossy,1,Opaque,Red,Colorbar,110
118,55150,Women,Personal Care,Nails,Nail Polish,Spring,2017.0,Casual,Lakme True Wear Freespirit Nail Polish N525,Not specified,Not specified,Not specified,Not specified,Not specified,Not specified,Brown,Lakme,115
119,55362,Women,Personal Care,Nails,Nail Polish,Spring,2017.0,Casual,Revlon Black Beauty Nail Enamel 371,Not specified,Not specified,Not specified,Not specified,Not specified,Not specified,Black,Revlon,140
120,57653,Women,Personal Care,Nails,Nail Polish,Spring,2017.0,,Lotus Herbals Colour Dew Strawberry Idea Nail Polish 95,24,Not specified,Regular,Glossy,1,Opaque,Pink,Lotus Herbals,110
121,55938,Women,Personal Care,Nails,Nail Polish,Spring,2017.0,Casual,Colorbar Desire Nail Lacquer 22,36,24,Regular,Glossy,1,Opaque,Brown,Colorbar,110
122,55907,Women,Personal Care,Nails,Nail Polish,Spring,2017.0,Casual,Colorbar Cappuccino Cup Nail Lacquer 11,36,24,Regular,Glossy,1,Opaque,Brown,Colorbar,210
123,57654,Women,Personal Care,Nails,Nail Polish,Spring,2017.0,Casual,Lotus Herbals Cosy Mulberry Nail Polish 94,24,Not specified,Regular,Glossy,1,Opaque,Pink,Lotus Herbals,120
124,49107,Women,Personal Care,Nails,Nail Polish,Spring,2017.0,Casual,Deborah Shine tech Red Passion Nail Polish 29,Not specified,Not specified,Not specified,Not specified,Not specified,Not specified,Maroon,Deborah,250
125,55900,Women,Personal Care,Nails,Nail Polish,Spring,2017.0,Casual,Colorbar Fearless Red Nail Lacquer 18,36,24,Regular,Glossy,1,Opaque,Red,Colorbar,210
126,55135,Women,Personal Care,Nails,Nail Polish,Spring,2017.0,Casual,Lakme Truewear Color Crush Nail Polish 05,Not specified,Not specified,Not specified,Not specified,Not specified,Not specified,Yellow,Lakme,150
127,55909,Women,Personal Care,Nails,Nail Polish,Spring,2017.0,Casual,Colorbar Night Fiery Nail Lacquer 75,36,24,Regular,Glossy,1,Opaque,Black,Colorbar,110
128,57662,Women,Personal Care,Nails,Nail Polish,Spring,2017.0,Casual,Lotus Herbals Rich Auburn Nail Polish 971,24,Not specified,Regular,Glossy,1,Opaque,Copper,Lotus Herbals,120
129,55936,Women,Personal Care,Nails,Nail Polish,Spring,2017.0,Casual,Colorbar Mauve Fever Nail Lacquer 25,36,24,Regular,Glossy,1,Opaque,Mauve,Colorbar,110
130,49131,Women,Personal Care,Nails,Nail Polish,Spring,2017.0,Casual,Deborah 7 Days Long Nail Polish 828,Not specified,Not specified,Not specified,Not specified,Not specified,Not specified,Purple,Deborah,230
131,55132,Women,Personal Care,Nails,Nail Polish,Spring,2017.0,Casual,Lakme Truewear Color Crush 08 Nail Polish,24,Not specified,Strengthening,Glossy,1,Opaque,White,Lakme,160
132,55931,Women,Personal Care,Nails,Nail Polish,Spring,2017.0,Casual,Colorbar Ice Spice Nail Lacquer 34,36,24,Regular,Glossy,1,Opaque,White,Colorbar,110
133,55843,Women,Personal Care,Nails,Nail Polish,Spring,2017.0,Casual,Colorbar Pro Miami Bee Nail Lacquer 052,36,Not specified,Regular,Glossy,1,Opaque,Magenta,Colorbar,350
134,55888,Women,Personal Care,Nails,Nail Polish,Spring,2017.0,Casual,Colorbar Exclusive Nail Lacquer 19,36,24,Regular,Glossy,1,Opaque,Blue,Colorbar,175
135,55844,Women,Personal Care,Nails,Nail Polish,Spring,2017.0,Casual,Colorbar Pro Plum de La Plum Nail Lacquer 051,36,Not specified,Regular,Glossy,1,Opaque,Pink,Colorbar,350
136,55886,Women,Personal Care,Nails,Nail Polish,Spring,2017.0,Casual,Colorbar Exclusive Nail Lacquer 22,36,24,Regular,Glossy,1,Opaque,Brown,Colorbar,175
137,55872,Women,Personal Care,Nails,Nail Polish,Spring,2017.0,Casual,Colorbar Hearts & Tarts 2 Nail Lacquer 80V,36,24,Regular,Glossy,1,Opaque,Peach,Colorbar,175
138,49075,Women,Personal Care,Nails,Nail Polish,Spring,2017.0,,Deborah 7 Days Long Nail Polish 839,Not specified,Not specified,Not specified,Not specified,Not specified,Not specified,Purple,Deborah,230
139,49072,Women,Personal Care,Nails,Nail Polish,Spring,2017.0,,Deborah 7 Days Long Nail Polish 836,Not specified,Not specified,Not specified,Not specified,Not specified,Not specified,Pink,Deborah,230
140,55875,Women,Personal Care,Nails,Nail Polish,Spring,2017.0,Casual,Colorbar High Tea 2 Nail Lacquer 77,36,24,Regular,Glossy,1,Opaque,Brown,Colorbar,175
141,55881,Women,Personal Care,Nails,Nail Polish,Spring,2017.0,Casual,Colorbar Exclusive Nail Lacquer 53,36,24,Regular,Glossy,1,Opaque,Orange,Colorbar,175
142,56495,Women,Personal Care,Nails,Nail Polish,Spring,2017.0,,Streetwear Quick Dry Panache Pink Nail Polish 11,Not specified,Not specified,Not specified,Not specified,Not specified,Not specified,Pink,Streetwear,150
143,56461,Women,Personal Care,Nails,Nail Polish,Spring,2017.0,Casual,Streetwear Pluto's Nail Polish 10,Not specified,Not specified,Not specified,Not specified,Not specified,Not specified,Nude,Streetwear,95
144,56466,Women,Personal Care,Nails,Nail Polish,Spring,2017.0,,Streetwear Nothing Nail Polish # 4,Not specified,Not specified,Not specified,Not specified,Not specified,Not specified,Beige,Streetwear,95
145,56492,Women,Personal Care,Nails,Nail Polish,Spring,2017.0,,Streetwear Quick Dry Glassy Gloss Nail Polish 14,Not specified,Not specified,Not specified,Not specified,Not specified,Not specified,Metallic,Streetwear,150
146,56450,Women,Personal Care,Nails,Nail Polish,Spring,2017.0,Casual,Streetwear Wild Child Nail Polish 24,Not specified,Not specified,Not specified,Not specified,Not specified,Not specified,Beige,Streetwear,95
147,56468,Women,Personal Care,Nails,Nail Polish,Spring,2017.0,Casual,Streetwear Mercury Nail Polish 30,Not specified,Not specified,Not specified,Not specified,Not specified,Not specified,White,Streetwear,95
148,55880,Women,Personal Care,Nails,Nail Polish,Spring,2017.0,Casual,Colorbar Exclusive Nail Lacquer 56,36,24,Regular,Glossy,1,Opaque,Silver,Colorbar,175
149,49073,Women,Personal Care,Nails,Nail Polish,Spring,2017.0,,Deborah 7 Days Long Nail Polish 837,Not specified,Not specified,Not specified,Not specified,Not specified,Not specified,Green,Deborah,230
150,55874,Women,Personal Care,Nails,Nail Polish,Spring,2017.0,Casual,Colorbar Creme Cup 2 Nail Lacquer 78V,36,24,Regular,Glossy,1,Opaque,Brown,Colorbar,150
151,55873,Women,Personal Care,Nails,Nail Polish,Spring,2017.0,Casual,Colorbar Pretty Please 2 Nail Lacquer 79V,36,24,Regular,Glossy,1,Opaque,Pink,Colorbar,175
152,49074,Women,Personal Care,Nails,Nail Polish,Spring,2017.0,,Deborah 7 Days Long Nail Polish 838,Not specified,Not specified,Not specified,Not specified,Not specified,Not specified,Magenta,Deborah,230
153,55887,Women,Personal Care,Nails,Nail Polish,Spring,2017.0,Casual,Colorbar Exclusive Nail Lacquer 20,36,24,Regular,Glossy,1,Opaque,Peach,Colorbar,150
154,55845,Women,Personal Care,Nails,Nail Polish,Spring,2017.0,Casual,Colorbar Pro Love Her Madly Nail Lacquer 050,36,Not specified,Regular,Glossy,1,Opaque,Pink,Colorbar,400
155,55842,Women,Personal Care,Nails,Nail Polish,Spring,2017.0,Casual,Colorbar Pro Dreamy Nail Lacquer 053,36,24,Regular,Glossy,1,Opaque,Burgundy,Colorbar,350
156,55889,Women,Personal Care,Nails,Nail Polish,Spring,2017.0,Casual,Colorbar Exclusive Nail Lacquer 18,36,24,Regular,Glossy,1,Opaque,Green,Colorbar,150
157,56456,Women,Personal Care,Nails,Nail Polish,Spring,2017.0,Casual,Streetwear Silver Lining Nail Polish 17,Not specified,Not specified,Not specified,Not specified,Not specified,Not specified,Silver,Streetwear,95
158,56469,Women,Personal Care,Nails,Nail Polish,Spring,2017.0,,Streetwear Mauve Magic Nail Polish # 38,Not specified,Not specified,Not specified,Not specified,Not specified,Not specified,Peach,Streetwear,110
159,56451,Women,Personal Care,Nails,Nail Polish,Spring,2017.0,Casual,Streetwear Velocity Nail Polish 06,Not specified,Not specified,Not specified,Not specified,Not specified,Not specified,Silver,Streetwear,95
160,56493,Women,Personal Care,Nails,Nail Polish,Spring,2017.0,,Streetwear Quick Dry Metallic Mauve Nail Polish 13,Not specified,Not specified,Not specified,Not specified,Not specified,Not specified,Brown,Streetwear,140
161,56467,Women,Personal Care,Nails,Nail Polish,Spring,2017.0,Casual,Streetwear Mirchi Nail Enamel 19,Not specified,Not specified,Not specified,Not specified,Not specified,Not specified,Maroon,Streetwear,95
162,56458,Women,Personal Care,Nails,Nail Polish,Spring,2017.0,Casual,Streetwear Sand Stone Nail Polish 48,Not specified,Not specified,Not specified,Not specified,Not specified,Not specified,Orange,Streetwear,95
163,56460,Women,Personal Care,Nails,Nail Polish,Spring,2017.0,Casual,Streetwear Rose Nail Polish # 29,Not specified,Not specified,Not specified,Not specified,Not specified,Not specified,Rose,Streetwear,110
164,56494,Women,Personal Care,Nails,Nail Polish,Spring,2017.0,,Streetwear Quick Dry Violet Dreams Nail Polish 12,Not specified,Not specified,Not specified,Not specified,Not specified,Not specified,Pink,Streetwear,150
165,55864,Women,Personal Care,Nails,Nail Polish,Spring,2017.0,Casual,Colorbar Amethyst Nail Lacquer 90,36,24,Regular,Glossy,1,Opaque,Maroon,Colorbar,175
166,55890,Women,Personal Care,Nails,Nail Polish,Spring,2017.0,Casual,Colorbar Exclusive Nail Lacquer 15,36,24,Regular,Glossy,1,Opaque,Green,Colorbar,175
167,55897,Women,Personal Care,Nails,Nail Polish,Spring,2017.0,Casual,Colorbar Orange Mimosa Nail Lacquer 01,36,24,Regular,Glossy,1,Opaque,Orange,Colorbar,150
168,55863,Women,Personal Care,Nails,Nail Polish,Spring,2017.0,Casual,Colorbar Blue Topaz Nail Lacquer 91,36,24,Regular,Glossy,1,Opaque,Blue,Colorbar,175
169,55855,Women,Personal Care,Nails,Nail Polish,Spring,2017.0,Casual,Colorbar Pro Pink Promise Nail Lacquer 017,36,Not specified,Regular,Glossy,1,Opaque,Pink,Colorbar,400
170,55899,Women,Personal Care,Nails,Nail Polish,Spring,2017.0,Casual,Colorbar Quick Finish Nail Lacquer 19,36,Not specified,Regular,Glossy,1,Opaque,Purple,Colorbar,210
171,55852,Women,Personal Care,Nails,Nail Polish,Spring,2017.0,Casual,Colorbar Pro Eggplant Nail Lacquer 034,36,24,Regular,Glossy,1,Opaque,Purple,Colorbar,400
172,56479,Women,Personal Care,Nails,Nail Polish,Spring,2017.0,,Streetwear Copper Charisma Nail Polish # 51,Not specified,Not specified,Not specified,Not specified,Not specified,Not specified,Copper,Streetwear,95
173,55839,Women,Personal Care,Nails,Nail Polish,Spring,2017.0,Casual,Colorbar Pro Red Enigma Nail Lacquer 058,36,Not specified,Regular,Glossy,1,Opaque,Red,Colorbar,400
174,56446,Women,Personal Care,Nails,Nail Polish,Spring,2017.0,Casual,Streetwear Shine Divine Blue Divine Nail Polish 04,Not specified,Not specified,Not specified,Not specified,Not specified,Not specified,Blue,Streetwear,130
175,56448,Women,Personal Care,Nails,Nail Polish,Spring,2017.0,Casual,Streetwear Shine Divine Berry Divine Nail Polish 15,Not specified,Not specified,Not specified,Not specified,Not specified,Not specified,Red,Streetwear,130
176,55837,Women,Personal Care,Nails,Nail Polish,Spring,2017.0,Casual,Colorbar Pro Blue Effect Nail Lacquer 060,36,24,Regular,Glossy,1,Opaque,Purple,Colorbar,350
177,56477,Women,Personal Care,Nails,Nail Polish,Spring,2017.0,,Streetwear Cutie Pie Nail Polish # 27,Not specified,Not specified,Not specified,Not specified,Not specified,Not specified,Purple,Streetwear,110
178,56483,Women,Personal Care,Nails,Nail Polish,Spring,2017.0,,Streetwear Brassy Brown Nail Polish # 67,Not specified,Not specified,Not specified,Not specified,Not specified,Not specified,Brown,Streetwear,110
179,56484,Women,Personal Care,Nails,Nail Polish,Spring,2017.0,,Streetwear Blushing Nail Polish # 60,Not specified,Not specified,Not specified,Not specified,Not specified,Not specified,Gold,Streetwear,110
180,56470,Women,Personal Care,Nails,Nail Polish,Spring,2017.0,Casual,Streetwear Magenta Nail Polish 59,Not specified,Not specified,Not specified,Not specified,Not specified,Not specified,Magenta,Streetwear,110
181,55898,Women,Personal Care,Nails,Nail Polish,Spring,2017.0,Casual,Colorbar Quick Finish Nail Lacquer 20,36,Not specified,Regular,Glossy,1,Opaque,Purple,Colorbar,210
182,55853,Women,Personal Care,Nails,Nail Polish,Spring,2017.0,Casual,Colorbar Pro Berry Nice Nail Lacquer 029,36,24,Regular,Glossy,1,Opaque,"Red, Beige",Colorbar,400
183,55854,Women,Personal Care,Nails,Nail Polish,Spring,2017.0,Casual,Colorbar Pro Pink Ice Nail Lacquer 020,36,Not specified,Regular,Glossy,1,Opaque,Pink,Colorbar,400
184,55862,Women,Personal Care,Nails,Nail Polish,Spring,2017.0,Casual,Colorbar Rose Quartz Nail Lacquer 92,36,Not specified,Regular,Glossy,1,Opaque,Pink,Colorbar,175
185,55896,Women,Personal Care,Nails,Nail Polish,Spring,2017.0,Casual,Colorbar Lemon Drop Nail Lacquer 02,36,24,Regular,Glossy,1,Opaque,Yellow,Colorbar,150
186,55891,Women,Personal Care,Nails,Nail Polish,Spring,2017.0,Casual,Colorbar Exclusive Nail Lacquer 14,36,24,Regular,Glossy,1,Opaque,Blue,Colorbar,175
187,55865,Women,Personal Care,Nails,Nail Polish,Spring,2017.0,Casual,Colorbar Sunstone Nail Lacquer 89,36,Not specified,Regular,Glossy,1,Opaque,Orange,Colorbar,175
188,56471,Women,Personal Care,Nails,Nail Polish,Spring,2017.0,Casual,Streetwear Lilac Lustre Nail Polish 46,Not specified,Not specified,Not specified,Not specified,Not specified,Not specified,Lavender,Streetwear,95
189,56485,Women,Personal Care,Nails,Nail Polish,Spring,2017.0,,Streetwear Black Magic Nail Polish # 80,Not specified,Not specified,Not specified,Not specified,Not specified,Not specified,Black,Streetwear,110
190,56482,Women,Personal Care,Nails,Nail Polish,Spring,2017.0,,Streetwear Breathless Nail Polish # 2,Not specified,Not specified,Not specified,Not specified,Not specified,Not specified,White,Streetwear,90
191,56476,Women,Personal Care,Nails,Nail Polish,Spring,2017.0,,Streetwear Dazzling Dust Nail Polish # 55,Not specified,Not specified,Not specified,Not specified,Not specified,Not specified,Gold,Streetwear,110
192,56440,Women,Personal Care,Nails,Nail Polish,Spring,2017.0,Casual,Streetwear Shine Divine Maroon Divine Nail Polish 03,Not specified,Not specified,Not specified,Not specified,Not specified,Not specified,Maroon,Streetwear,130
193,56478,Women,Personal Care,Nails,Nail Polish,Spring,2017.0,Casual,Streetwear Cranberry Nail Polish 07,Not specified,Not specified,Not specified,Not specified,Not specified,Not specified,Nude,Streetwear,95
194,56447,Women,Personal Care,Nails,Nail Polish,Spring,2017.0,Casual,Streetwear Shine Divine Black Divine Nail Enamel 01,Not specified,Not specified,Not specified,Not specified,Not specified,Not specified,Black,Streetwear,130
195,55838,Women,Personal Care,Nails,Nail Polish,Spring,2017.0,Casual,Colorbar Pro Riot Red Nail Lacquer 059,36,Not specified,Regular,Glossy,1,Opaque,Red,Colorbar,400
196,55149,Women,Personal Care,Nails,Nail Polish,Spring,2017.0,Casual,Lakme True Wear Freespirit Nail Polish D415,Not specified,Not specified,Not specified,Not specified,Not specified,Not specified,Red,Lakme,115
197,55185,Women,Personal Care,Nails,Nail Polish,Spring,2017.0,Casual,Lakme Absolute Fast & Fabulous Purple Plunge Nail Polish 12,Not specified,Not specified,Not specified,Not specified,Not specified,Not specified,Lavender,Lakme,200
198,55388,Women,Personal Care,Nails,Nail Polish,Spring,2017.0,Casual,Revlon Totally Toffee Nail Enamel 310,Not specified,Not specified,Not specified,Not specified,Not specified,Not specified,Brown,Revlon,140
199,55381,Women,Personal Care,Nails,Nail Polish,Spring,2017.0,Casual,Revlon Red Spark Nail Polish 318,Not specified,Not specified,Not specified,Not specified,Not specified,Not specified,Red,Revlon,225
200,56504,Women,Personal Care,Nails,Nail Polish,Spring,2017.0,Casual,Streetwear Quick Dry Mystique Magenta Nail Polish 02,Not specified,Not specified,Not specified,Not specified,Not specified,Not specified,Magenta,Streetwear,150
201,55147,Women,Personal Care,Nails,Nail Polish,Spring,2017.0,Casual,Lakme True Wear Freespirit Nail Polish D417,Not specified,Not specified,Not specified,Not specified,Not specified,Not specified,Maroon,Lakme,115
202,55375,Women,Personal Care,Nails,Nail Polish,Spring,2017.0,Casual,Revlon Caramel Crunch Nail Polish 325,Not specified,Not specified,Not specified,Not specified,Not specified,Not specified,Brown,Revlon,140
203,55944,Women,Personal Care,Nails,Nail Polish,Spring,2017.0,Casual,Colorbar Brownie Nail Lacquer 13,36,24,Regular,Glossy,1,Opaque,Brown,Colorbar,110
204,55140,Women,Personal Care,Nails,Nail Polish,Summer,2019.0,Casual,Lakme Truewear Color Crush 25 Nail Polish,24,Not specified,Strengthening,Glossy,1,Opaque,Red,Lakme,155
205,56503,Women,Personal Care,Nails,Nail Polish,Spring,2017.0,,Streetwear Quick Dry Tip Top Red Nail Polish 03,Not specified,Not specified,Not specified,Not specified,Not specified,Not specified,Red,Streetwear,150
206,55943,Women,Personal Care,Nails,Nail Polish,Spring,2017.0,Casual,Colorbar Coffee Nail Lacquer 15,36,24,Regular,Glossy,1,Opaque,Brown,Colorbar,110
207,55917,Women,Personal Care,Nails,Nail Polish,Spring,2017.0,Casual,Colorbar Sandew Nail Lacquer 60,36,Not specified,Regular,Glossy,1,Opaque,Brown,Colorbar,110
208,55928,Women,Personal Care,Nails,Nail Polish,Spring,2017.0,Casual,Colorbar Peacock Blue Nail Lacquer 44,36,24,Regular,Glossy,1,Opaque,Blue,Colorbar,110
209,57643,Women,Personal Care,Nails,Nail Polish,Spring,2017.0,Casual,Lotus Herbals Colour Dew Pink Doll Nail Polish 98,24,Not specified,Regular,Glossy,1,Opaque,Pink,Lotus Herbals,120
210,55910,Women,Personal Care,Nails,Nail Polish,Spring,2017.0,Casual,Colorbar Starhit Pink Nail Lacquer 72,36,Not specified,Regular,Glossy,1,Opaque,Rust,Colorbar,110
211,57644,Women,Personal Care,Nails,Nail Polish,Spring,2017.0,Casual,Lotus Herbals Colour Dew Nutty Love Nail Polish 97,24,Not specified,Regular,Glossy,1,Opaque,Copper,Lotus Herbals,110
212,55926,Women,Personal Care,Nails,Nail Polish,Spring,2017.0,Casual,Colorbar Mystic Mauve Nail Lacquer 47,36,24,Regular,Glossy,1,Opaque,Mauve,Colorbar,110
213,57672,Women,Personal Care,Nails,Nail Polish,Spring,2017.0,,Lotus Herbals Colour Dew Pink Barbie Nail Polish 902,24,Not specified,Regular,Glossy,1,Opaque,Pink,Lotus Herbals,110
214,55125,Women,Personal Care,Nails,Nail Polish,Spring,2017.0,Casual,Lakme Truewear Color Crush Nail Polish 15,Not specified,Not specified,Not specified,Not specified,Not specified,Not specified,Pink,Lakme,150
215,55919,Women,Personal Care,Nails,Nail Polish,Spring,2017.0,Casual,Colorbar Hushed Wine Nail Lacquer 56,36,24,Regular,Glossy,1,Opaque,Pink,Colorbar,110
216,55921,Women,Personal Care,Nails,Nail Polish,Spring,2017.0,Casual,Colorbar Wine Shine Nail Lacquer 54,36,Not specified,Regular,Glossy,1,Opaque,Brown,Colorbar,110
217,49126,Women,Personal Care,Nails,Nail Polish,Spring,2017.0,Casual,Deborah Shine Tech Sapphire Nail Polish 35,Not specified,Not specified,Not specified,Not specified,Not specified,Not specified,Navy Blue,Deborah,250
218,55122,Women,Personal Care,Nails,Nail Polish,Spring,2017.0,Casual,Lakme Truewear Color Crush 18 Nail Polish,24,Not specified,Strengthening,Glossy,1,Opaque,Pink,Lakme,155
219,55387,Women,Personal Care,Nails,Nail Polish,Spring,2017.0,Casual,Revlon Valentine Nail Enamel 312,Not specified,Not specified,Not specified,Not specified,Not specified,Not specified,Red,Revlon,160
220,56502,Women,Personal Care,Nails,Nail Polish,Spring,2017.0,,Streetwear Quick Dry Esponal Red Nail Polish 04,Not specified,Not specified,Not specified,Not specified,Not specified,Not specified,Red,Streetwear,150
221,55141,Women,Personal Care,Nails,Nail Polish,Spring,2017.0,Casual,Lakme Truewear Color Crush 24 Nail Polish,24,Not specified,Strengthening,Glossy,1,Opaque,Pink,Lakme,155
222,55373,Women,Personal Care,Nails,Nail Polish,Spring,2017.0,Casual,Revlon Rich Mocha Nail Polish 327,Not specified,Not specified,Not specified,Not specified,Not specified,Not specified,Brown,Revlon,160
223,49145,Women,Personal Care,Nails,Nail Polish,Spring,2017.0,Casual,Deborah Mat Sense Tech Blue Nail Polish 03,Not specified,Not specified,Not specified,Not specified,Not specified,Not specified,Blue,Deborah,250
224,55942,Women,Personal Care,Nails,Nail Polish,Spring,2017.0,Casual,Colorbar Fudge Nail Lacquer 16,36,24,Regular,Glossy,1,Opaque,Brown,Colorbar,110
225,55146,Women,Personal Care,Nails,Nail Polish,Spring,2017.0,Casual,Lakme True Wear Freespirit Nail Polish N238,Not specified,Not specified,Not specified,Not specified,Not specified,Not specified,Pink,Lakme,115
226,55380,Women,Personal Care,Nails,Nail Polish,Spring,2017.0,Casual,Revlon Berry Jewelled Nail Polish 320,Not specified,Not specified,Not specified,Not specified,Not specified,Not specified,Pink,Revlon,140
227,56505,Women,Personal Care,Nails,Nail Polish,Spring,2017.0,,Streetwear Quick Dry Sensational Star Nail Polish 01,Not specified,Not specified,Not specified,Not specified,Not specified,Not specified,Red,Streetwear,150
228,55179,Women,Personal Care,Nails,Nail Polish,Spring,2017.0,Casual,Lakme Absolute Fast & Fabulous Fuschia Pink Nail Polish 18,Not specified,Not specified,Not specified,Not specified,Not specified,Not specified,Pink,Lakme,200
229,55945,Women,Personal Care,Nails,Nail Polish,Spring,2017.0,Casual,Colorbar Espresso Nail Lacquer 12,36,24,Regular,Glossy,1,Opaque,Brown,Colorbar,110
230,55170,Women,Personal Care,Nails,Nail Polish,Spring,2017.0,Casual,Lakme Absolute Fast & Fabulous Crimson Scream Nail Polish 27,Not specified,Not specified,Not specified,Not specified,Not specified,Not specified,Maroon,Lakme,200
231,55184,Women,Personal Care,Nails,Nail Polish,Spring,2017.0,Casual,Lakme Absolute Fast & Fabulous Flaming Orange Nail Polish 13,Not specified,Not specified,Not specified,Not specified,Not specified,Not specified,Orange,Lakme,200
232,55389,Women,Personal Care,Nails,Nail Polish,Spring,2017.0,Casual,Revlon Autumn Berry Nail Polish 309,Not specified,Not specified,Not specified,Not specified,Not specified,Not specified,Brown,Revlon,140
233,55177,Women,Personal Care,Nails,Nail Polish,Spring,2017.0,Casual,Lakme Absolute Fast & Fabulous Fizzy Pink Nail Polish 20,Not specified,Not specified,Not specified,Not specified,Not specified,Not specified,Pink,Lakme,200
234,55148,Women,Personal Care,Nails,Nail Polish,Spring,2017.0,Casual,Lakme True Wear Freespirit Nail Polish D416,Not specified,Not specified,Not specified,Not specified,Not specified,Not specified,Red,Lakme,115
235,55920,Women,Personal Care,Nails,Nail Polish,Spring,2017.0,Casual,Colorbar Icy Pink Nail Lacquer 55,36,24,Regular,Glossy,1,Opaque,"Metallic, Pink",Colorbar,110
236,49127,Women,Personal Care,Nails,Nail Polish,Spring,2017.0,Casual,Deborah Shine Tech Nuite Nail Polish 36,Not specified,Not specified,Not specified,Not specified,Not specified,Not specified,Purple,Deborah,250
237,55123,Women,Personal Care,Nails,Nail Polish,Spring,2017.0,Casual,Lakme Truewear Color Crush Nail Polish 17,Not specified,Not specified,Not specified,Not specified,Not specified,Not specified,Pink,Lakme,160
238,55927,Women,Personal Care,Nails,Nail Polish,Spring,2017.0,Casual,Colorbar Deep Maroon Nail Lacquer 45,36,24,Regular,Glossy,1,Opaque,Maroon,Colorbar,110
239,57673,Women,Personal Care,Nails,Nail Polish,Spring,2017.0,,Lotus Herbals Colour Dew Transparent Nail Polish 901,24,Not specified,Regular,Glossy,1,Opaque,White,Lotus Herbals,130
240,55918,Women,Personal Care,Nails,Nail Polish,Spring,2017.0,Casual,Colorbar Crystal Red Nail Lacquer 59,36,24,Regular,Glossy,1,Opaque,Red,Colorbar,110
241,55124,Women,Personal Care,Nails,Nail Polish,Spring,2017.0,Casual,Lakme Truewear Color Crush Nail Polish 16,Not specified,Not specified,Not specified,Not specified,Not specified,Not specified,Peach,Lakme,150
242,55911,Women,Personal Care,Nails,Nail Polish,Spring,2017.0,Casual,Colorbar Brown Pearl Nail Lacquer 71,36,24,Regular,Glossy,1,Opaque,Brown,Colorbar,110
243,57645,Women,Personal Care,Nails,Nail Polish,Spring,2017.0,,Lotus Herbals Colour Dew Red Chilly Nail Polish 90,24,Not specified,Regular,Glossy,1,Opaque,Red,Lotus Herbals,120
244,55916,Women,Personal Care,Nails,Nail Polish,Spring,2017.0,Casual,Colorbar Scarlet Wine Nail Lacquer 61,36,Not specified,Regular,Glossy,1,Opaque,Maroon,Colorbar,110
245,55929,Women,Personal Care,Nails,Nail Polish,Spring,2017.0,Casual,Colorbar Plum Wine Nail Lacquer 41,36,24,Regular,Glossy,1,Opaque,Purple,Colorbar,110
246,57642,Women,Personal Care,Nails,Nail Polish,Spring,2017.0,Casual,Lotus Herbals Peach Perfect Nail Polish 99,24,Not specified,Regular,Glossy,1,Opaque,Peach,Lotus Herbals,120
247,55137,Women,Personal Care,Nails,Nail Polish,Spring,2017.0,Casual,Lakme Truewear Color Crush Nail Polish 03,Not specified,Not specified,Not specified,Not specified,Not specified,Not specified,Sea Green,Lakme,150
248,57660,Women,Personal Care,Nails,Nail Polish,Spring,2017.0,Casual,Lotus Herbals Copper Gold Nail Polish 973,24,Not specified,Regular,Glossy,1,Opaque,Copper,Lotus Herbals,120
249,55130,Women,Personal Care,Nails,Nail Polish,Spring,2017.0,Casual,Lakme Truewear Color Crush Nail Polish 10,24,12,Top Coat,Glossy,1,Clear,White,Lakme,160
250,57667,Women,Personal Care,Nails,Nail Polish,Spring,2017.0,Casual,Lotus Herbals Rose Petal Nail Polish 920,24,Not specified,Regular,Glossy,1,Opaque,Rose,Lotus Herbals,130
251,57658,Women,Personal Care,Nails,Nail Polish,Spring,2017.0,Casual,Lotus Herbals Pure White Nail Polish 81,24,Not specified,Regular,Glossy,1,Opaque,White,Lotus Herbals,120
252,55933,Women,Personal Care,Nails,Nail Polish,Spring,2017.0,Casual,Colorbar Black Currant Nail Lacquer 29,36,24,Regular,Glossy,1,Opaque,Pink,Colorbar,110
253,57651,Women,Personal Care,Nails,Nail Polish,Spring,2017.0,Casual,Lotus Herbals Colour Dew Brownie Glaze Nail Polish 84,24,Not specified,Regular,Glossy,1,Opaque,Brown,Lotus Herbals,120
254,55905,Women,Personal Care,Nails,Nail Polish,Spring,2017.0,Casual,Colorbar Theme For a Dream Nail Lacquer 13,36,Not specified,Regular,Glossy,1,Opaque,Peach,Colorbar,210
255,55139,Women,Personal Care,Nails,Nail Polish,Spring,2017.0,Casual,Lakme Truewear Color Crush 01 Nail Polish,24,1,Strengthening,Glitter,1,Opaque,Gold,Lakme,155
256,57656,Women,Personal Care,Nails,Nail Polish,Spring,2017.0,Casual,Lotus Herbals Make-Up Colour Dew Candy Drop Nail Enamel 92,24,Not specified,Regular,Glossy,1,Opaque,Pink,Lotus Herbals,120
257,55902,Women,Personal Care,Nails,Nail Polish,Spring,2017.0,Casual,Colorbar Beautiful Pink Nail Lacquer 16,36,24,Regular,Glossy,1,Opaque,Pink,Colorbar,210
258,57669,Women,Personal Care,Nails,Nail Polish,Spring,2017.0,,Lotus Herbals Colour Dew Rouge Pulp Nail Polish 911,24,Not specified,Regular,Glossy,1,Opaque,Red,Lotus Herbals,120
259,55358,Women,Personal Care,Nails,Nail Polish,Spring,2017.0,Casual,Revlon Brazil Nut Brown Nail Polish 385,Not specified,Not specified,Not specified,Not specified,Not specified,Not specified,Brown,Revlon,140
260,55155,Women,Personal Care,Nails,Nail Polish,Spring,2017.0,Casual,Lakme True Wear Classics JJ Valaya Nail Polish 9,Not specified,Not specified,Not specified,Not specified,Not specified,Not specified,Pink,Lakme,100
261,55951,Women,Personal Care,Nails,Nail Polish,Spring,2017.0,Casual,Colorbar Ignite Nail Lacquer 05,36,24,Regular,Glossy,1,Opaque,Brown,Colorbar,110
262,55152,Women,Personal Care,Nails,Nail Polish,Spring,2017.0,Casual,Lakme True Wear Freespirit Nail Polish N236,Not specified,Not specified,Not specified,Not specified,Not specified,Not specified,Purple,Lakme,115
263,55369,Women,Personal Care,Nails,Nail Polish,Spring,2017.0,Casual,Revlon Silver Spell Nail Polish 337,Not specified,Not specified,Not specified,Not specified,Not specified,Not specified,Silver,Revlon,225
264,57633,Women,Personal Care,Nails,Nail Polish,Spring,2017.0,Casual,Lotus Herbals Pretty Pink Nail Polish 953,24,Not specified,Regular,Glossy,1,Opaque,Pink,Lotus Herbals,110
265,55164,Women,Personal Care,Nails,Nail Polish,Spring,2017.0,Casual,Lakme True Wear Classics Vanilla Nail Color 014,Not specified,Not specified,Not specified,Not specified,Not specified,Not specified,White,Lakme,115
266,55190,Women,Personal Care,Nails,Nail Polish,Spring,2017.0,Casual,Lakme Absolute Fast & Fabulous Storm Green Nail Polish 07,Not specified,Not specified,Not specified,Not specified,Not specified,Not specified,Green,Lakme,200
267,57634,Women,Personal Care,Nails,Nail Polish,Spring,2017.0,Casual,Lotus Herbals Plum Mist Nail Polish 952,24,Not specified,Regular,Glossy,1,Opaque,Pink,Lotus Herbals,110
268,55163,Women,Personal Care,Nails,Nail Polish,Spring,2017.0,Casual,Lakme True Wear Classics Twilight Mauve Nail Polish 103,Not specified,Not specified,Not specified,Not specified,Not specified,Not specified,Lavender,Lakme,115
269,57657,Women,Personal Care,Nails,Nail Polish,Spring,2017.0,Party,Lotus Herbals Make-Up Colour Dew Cherry Crush Nail Polish 91,24,Not specified,Regular,Glossy,1,Opaque,Rust,Lotus Herbals,120
270,55903,Women,Personal Care,Nails,Nail Polish,Spring,2017.0,Casual,Colorbar Quick Finish Nail Lacquer 15,36,Not specified,Regular,Glossy,1,Opaque,Pink,Colorbar,210
271,57668,Women,Personal Care,Nails,Nail Polish,Spring,2017.0,Casual,Lotus Herbals Crimson Red Nail Polish 912,24,Not specified,Regular,Glossy,1,Opaque,Red,Lotus Herbals,130
272,57650,Women,Personal Care,Nails,Nail Polish,Spring,2017.0,Casual,Lotus Herbals Purple Star Nail Polish 85,24,Not specified,Regular,Glossy,1,Opaque,Purple,Lotus Herbals,120
273,55138,Women,Personal Care,Nails,Nail Polish,Spring,2017.0,Casual,Lakme Truewear Color Crush 02 Nail Polish,24,Not specified,Strengthening,Glossy,1,Opaque,Blue,Lakme,155
274,55904,Women,Personal Care,Nails,Nail Polish,Spring,2017.0,Casual,Colorbar Rust Lust Nail Lacquer 14,36,Not specified,Regular,Glossy,1,Opaque,Pink,Colorbar,210
275,55131,Women,Personal Care,Nails,Nail Polish,Spring,2017.0,Casual,Lakme Truewear Color Crush Nail Polish 09,Not specified,Not specified,Not specified,Not specified,Not specified,Not specified,White,Lakme,150
276,55932,Women,Personal Care,Nails,Nail Polish,Spring,2017.0,Casual,Colorbar Purple Mania Nail Lacquer 30,36,Not specified,Regular,Glossy,1,Opaque,Purple,Colorbar,110
277,55136,Women,Personal Care,Nails,Nail Polish,Summer,2019.0,Casual,Lakme Truewear Color Crush 04 Nail Polish,24,Not specified,Strengthening,Glitter,1,Opaque,Purple,Lakme,155
278,57661,Women,Personal Care,Nails,Nail Polish,Spring,2017.0,Casual,Lotus Herbals Gold Mist Nail Polish 972,24,Not specified,Regular,Glossy,1,Opaque,Gold,Lotus Herbals,110
279,55935,Women,Personal Care,Nails,Nail Polish,Spring,2017.0,Casual,Colorbar Dusky Mauve Nail Lacquer 27,36,24,Regular,Glossy,1,Opaque,Mauve,Colorbar,110
280,49166,Women,Personal Care,Nails,Nail Polish,Spring,2017.0,Casual,Deborah 7 Days Long Nail Polish 00,Not specified,Not specified,Not specified,Not specified,Not specified,Not specified,Charcoal,Deborah,230
281,57635,Women,Personal Care,Nails,Nail Polish,Spring,2017.0,,Lotus Herbals Color Dew Strawberry Nail Polish 951,24,Not specified,Regular,Glossy,1,Opaque,Pink,Lotus Herbals,130
282,55162,Women,Personal Care,Nails,Nail Polish,Spring,2017.0,Casual,Lakme True Wear Berry Maroon Nail Polish 104,Not specified,Not specified,Not specified,Not specified,Not specified,Not specified,Maroon,Lakme,100
283,55196,Women,Personal Care,Nails,Nail Polish,Spring,2017.0,Casual,Lakme Absolute Fast & Fabulous Gold Shimmer Nail Polish 01,Not specified,Not specified,Not specified,Not specified,Not specified,Not specified,Gold,Lakme,200
284,55368,Women,Personal Care,Nails,Nail Polish,Spring,2017.0,Casual,Revlon Coffee Bean Nail Polish 347,Not specified,Not specified,Not specified,Not specified,Not specified,Not specified,Brown,Revlon,140
285,55191,Women,Personal Care,Nails,Nail Polish,Spring,2017.0,Casual,Lakme Absolute Fast & Fabulous Aqua Express Nail Polish 06,Not specified,Not specified,Not specified,Not specified,Not specified,Not specified,Blue,Lakme,200
286,55357,Women,Personal Care,Nails,Nail Polish,Spring,2017.0,Casual,Revlon Copper Lustre Nail Polish 386,Not specified,Not specified,Not specified,Not specified,Not specified,Not specified,Copper,Revlon,140
287,57632,Women,Personal Care,Nails,Nail Polish,Spring,2017.0,Casual,Lotus Herbals Women Pink Lustre Nail Polish 954,24,Not specified,Regular,Glossy,1,Opaque,Pink,Lotus Herbals,130
288,55165,Women,Personal Care,Nails,Nail Polish,Spring,2017.0,Casual,Lakme True Wear Classics Clear Glass Nail Polish 012,24,Not specified,Not specified,Matte,Not specified,Not specified,Purple,Lakme,115
289,55950,Women,Personal Care,Nails,Nail Polish,Spring,2017.0,Casual,Colorbar Fire Nail Lacquer 07,36,24,Regular,Glossy,1,Opaque,Maroon,Colorbar,110
290,55361,Women,Personal Care,Nails,Nail Polish,Spring,2017.0,Casual,Revlon Opulent Pink Nail Polish 376,Not specified,Not specified,Not specified,Not specified,Not specified,Not specified,Pink,Revlon,160
291,55153,Women,Personal Care,Nails,Nail Polish,Spring,2017.0,Casual,Lakme True Wear Classics Tarun Tahiliani Nail Color 20,Not specified,Not specified,Not specified,Not specified,Not specified,Not specified,Mauve,Lakme,115
292,55359,Women,Personal Care,Nails,Nail Polish,Spring,2017.0,Casual,Revlon Golden Touch Nail Enamel 384,Not specified,Not specified,Not specified,Not specified,Not specified,Not specified,Gold,Revlon,140
293,55154,Women,Personal Care,Nails,Nail Polish,Spring,2017.0,Casual,Lakme True Wear Classics Nail Polish 1,Not specified,Not specified,Not specified,Not specified,Not specified,Not specified,Brown,Lakme,100
294,55366,Women,Personal Care,Nails,Nail Polish,Spring,2017.0,Casual,Revlon Mocha Express Nail Polish 343,Not specified,Not specified,Not specified,Not specified,Not specified,Not specified,Brown,Revlon,140
295,55392,Women,Personal Care,Nails,Nail Polish,Spring,2017.0,Casual,Revlon Natural Nail Polish 75,Not specified,Not specified,Not specified,Not specified,Not specified,Not specified,White,Revlon,225
296,56465,Women,Personal Care,Nails,Nail Polish,Spring,2017.0,,Streetwear Nude Shimmer Nail Polish # 42,Not specified,Not specified,Not specified,Not specified,Not specified,Not specified,Metallic,Streetwear,110
297,56491,Women,Personal Care,Nails,Nail Polish,Spring,2017.0,,Streetwear Quick Dry Silver Shimmy Nail Polish 15,Not specified,Not specified,Not specified,Not specified,Not specified,Not specified,Silver,Streetwear,140
298,56496,Women,Personal Care,Nails,Nail Polish,Spring,2017.0,,Streetwear Quick Dry Girly Pink Nail Polish 09,Not specified,Not specified,Not specified,Not specified,Not specified,Not specified,Pink,Streetwear,150
299,56462,Women,Personal Care,Nails,Nail Polish,Spring,2017.0,,Streetwear Plum Shine Nail Polish # 36,Not specified,Not specified,Not specified,Not specified,Not specified,Not specified,Pink,Streetwear,95
300,56454,Women,Personal Care,Nails,Nail Polish,Spring,2017.0,Casual,Streetwear Sparkling Mauve Nail Polish 33,Not specified,Not specified,Not specified,Not specified,Not specified,Not specified,Purple,Streetwear,95
301,56498,Women,Personal Care,Nails,Nail Polish,Spring,2017.0,,Streetwear Quick Dry Cute Pink Nail Polish 08,Not specified,Not specified,Not specified,Not specified,Not specified,Not specified,Pink,Streetwear,150
302,55847,Women,Personal Care,Nails,Nail Polish,Spring,2017.0,Casual,Colorbar Pro Bubbly Pink Nail Lacquer 048,36,24,Regular,Glossy,1,Opaque,Pink,Colorbar,400
303,55878,Women,Personal Care,Nails,Nail Polish,Spring,2017.0,Casual,Colorbar Exclusive Nail Lacquer 68,36,24,Regular,Glossy,1,Opaque,Brown,Colorbar,150
304,55840,Women,Personal Care,Nails,Nail Polish,Spring,2017.0,Casual,Colorbar Pro Rusk Beauty Nail Lacquer 057,36,Not specified,Regular,Glossy,1,Opaque,Rust,Colorbar,400
305,49071,Women,Personal Care,Nails,Nail Polish,Spring,2017.0,,Deborah Orange 7 Days Long Nail Polish 835,Not specified,Not specified,Not specified,Not specified,Not specified,Not specified,Orange,Deborah,295
306,55876,Women,Personal Care,Nails,Nail Polish,Spring,2017.0,Casual,Colorbar Exclusive Nail Lacquer 76,36,24,Regular,Glossy,1,Opaque,Black,Colorbar,175
307,55882,Women,Personal Care,Nails,Nail Polish,Spring,2017.0,Casual,Colorbar Exclusive Nail Lacquer 46,36,24,Regular,Glossy,1,Opaque,Red,Colorbar,175
308,49085,Women,Personal Care,Nails,Nail Polish,Spring,2017.0,Casual,Deborah Shine Tech Nail Polish 18,Not specified,Not specified,Not specified,Not specified,Not specified,Not specified,Metallic,Deborah,250
309,55849,Women,Personal Care,Nails,Nail Polish,Spring,2017.0,Casual,Colorbar Magical Green Nail Lacquer 040,36,24,Regular,Glossy,1,Opaque,Green,Colorbar,400
310,56436,Women,Personal Care,Nails,Nail Polish,Spring,2017.0,Casual,Streetwear Shine Divine Red Nail Polish 07,Not specified,Not specified,Not specified,Not specified,Not specified,Not specified,Red,Streetwear,140
311,55885,Women,Personal Care,Nails,Nail Polish,Spring,2017.0,Casual,Colorbar Exclusive Nail Lacquer 37,36,24,Regular,Glossy,1,Opaque,White,Colorbar,175
312,55871,Women,Personal Care,Nails,Nail Polish,Spring,2017.0,Casual,Colorbar Over The Top 2 Nail Lacquer 81,36,24,Regular,Glossy,1,Opaque,Pink,Colorbar,175
313,56452,Women,Personal Care,Nails,Nail Polish,Spring,2017.0,Casual,Streetwear Tinted Gold Nail Polish 50,Not specified,Not specified,Not specified,Not specified,Not specified,Not specified,Gold,Streetwear,110
314,56499,Women,Personal Care,Nails,Nail Polish,Spring,2017.0,,Streetwear Quick Dry Natural Hues Nail Polish 07,Not specified,Not specified,Not specified,Not specified,Not specified,Not specified,Skin,Streetwear,150
315,56455,Women,Personal Care,Nails,Nail Polish,Spring,2017.0,Casual,Streetwear Snazzy Nail Polish 15,Not specified,Not specified,Not specified,Not specified,Not specified,Not specified,Bronze,Streetwear,95
316,56463,Women,Personal Care,Nails,Nail Polish,Spring,2017.0,,Streetwear Pink Shimmer Nail Polish # 44,Not specified,Not specified,Not specified,Not specified,Not specified,Not specified,Pink,Streetwear,95
317,56497,Women,Personal Care,Nails,Nail Polish,Spring,2017.0,,Streetwear Quick Dry Pink Nail Polish 09,Not specified,Not specified,Not specified,Not specified,Not specified,Not specified,Pink,Streetwear,150
318,56490,Women,Personal Care,Nails,Nail Polish,Spring,2017.0,,Streetwear Quick Dry Stary Nude Nail Polish 16,Not specified,Not specified,Not specified,Not specified,Not specified,Not specified,Orange,Streetwear,150
319,56464,Women,Personal Care,Nails,Nail Polish,Spring,2017.0,Casual,Streetwear Pink Petals Nail Polish 34,Not specified,Not specified,Not specified,Not specified,Not specified,Not specified,Pink,Streetwear,110
320,55870,Women,Personal Care,Nails,Nail Polish,Spring,2017.0,Casual,Colorbar Demure 2 Nail Lacquer 82V,36,24,Regular,Glossy,1,Opaque,Pink,Colorbar,175
321,55884,Women,Personal Care,Nails,Nail Polish,Spring,2017.0,Casual,Colorbar Exclusive Nail Lacquer 40,36,24,Regular,Glossy,1,Opaque,Skin,Colorbar,175
322,55883,Women,Personal Care,Nails,Nail Polish,Spring,2017.0,Casual,Colorbar Exclusive Nail Lacquer 44,36,24,Regular,Glossy,1,Opaque,Pink,Colorbar,175
323,49084,Women,Personal Care,Nails,Nail Polish,Spring,2017.0,,Deborah Shine Tech Nail Polish 16,Not specified,Not specified,Not specified,Not specified,Not specified,Not specified,Brown,Deborah,250
324,55877,Women,Personal Care,Nails,Nail Polish,Spring,2017.0,Casual,Colorbar Exclusive Nail Lacquer 71,36,24,Regular,Glossy,1,Opaque,Purple,Colorbar,175
325,55848,Women,Personal Care,Nails,Nail Polish,Spring,2017.0,Casual,Colorbar Pro Peach Rose Nail Lacquer 047,36,Not specified,Regular,Glossy,1,Opaque,Peach,Colorbar,400
326,55841,Women,Personal Care,Nails,Nail Polish,Spring,2017.0,Casual,Colorbar Pro Pink Late Nail Lacquer 056,36,Not specified,Regular,Glossy,1,Opaque,Pink,Colorbar,350
327,55846,Women,Personal Care,Nails,Nail Polish,Spring,2017.0,Casual,Colorbar Pro Pleasing Pink Nail Lacquer 049,36,Not specified,Regular,Glossy,1,Opaque,Pink,Colorbar,400
328,55879,Women,Personal Care,Nails,Nail Polish,Spring,2017.0,Casual,Colorbar Exclusive Nail Lacquer 60,36,24,Regular,Glossy,1,Opaque,Green,Colorbar,150
